MEDIA_ID,MEDIA_NAME,CNT,TIME(2019/11/18 23:50:04.582),TIMETICK(f=10000000),FPOGX,FPOGY,FPOGS,FPOGD,FPOGID,FPOGV,BPOGX,BPOGY,BPOGV,CX,CY,CS,USER,LPCX,LPCY,LPD,LPS,LPV,RPCX,RPCY,RPD,RPS,RPV,BKID,BKDUR,BKPMIN,LPMM,LPMMV,RPMM,RPMMV,DIAL,DIALV,GSR,GSRV,HR,HRV,TTL0,TTL1,TTLV,PIXS,PIXV,AOI,SACCADE_MAG,SACCADE_DIR,
19,page1-instructions,10,0.16530,449641228655,0.39773,0.17748,0.00000,0.16530,1,1,0.42890,0.35702,1,0.44345,0.07429,0,,0.33734,0.81418,24.55554,0.97604,1,0.67964,0.85284,20.39606,0.97604,1,0,0.00000,5,6.46023,1,5.40542,1,0.00000,0,0.00000,0,0.00000,0,1,1,0,0.00000,0,,0.00000,0.00000,
19,page1-instructions,28,0.45976,449644173331,0.43179,0.25850,0.23216,0.22761,2,1,0.41977,0.04814,1,0.44345,0.07429,0,,0.33680,0.80557,22.29829,1.03891,1,0.67811,0.84640,19.79445,1.04769,1,0,0.00000,5,6.12218,1,5.04504,1,0.00000,0,0.00000,0,0.00000,0,1,1,0,0.00000,0,,102.52460,303.92572,
19,page1-instructions,54,0.88931,449648468687,0.39353,0.04283,0.52583,0.36348,3,1,0.19487,0.07196,1,0.44345,0.07429,0,,0.32867,0.80773,21.18578,1.03886,1,0.67015,0.84725,18.25504,1.03008,1,0,0.00000,5,5.32556,1,4.94188,1,0.00000,0,0.00000,0,0.00000,0,1,1,0,0.00000,0,,235.39902,105.84610,
19,page1-instructions,88,1.44626,449654038243,0.18155,0.11415,0.95468,0.49158,4,1,0.28308,0.09817,1,0.44881,0.00000,0,,0.33080,0.80676,22.08036,0.99167,1,0.67310,0.84699,19.17161,0.99167,1,0,0.00000,5,5.70429,1,4.90243,1,0.00000,0,0.00000,0,0.00000,0,1,1,0,0.00000,0,,363.91476,191.87511,
19,page1-instructions,105,1.72471,449656822755,0.31435,0.14806,1.46289,0.26182,5,1,0.40557,0.10705,1,0.44940,0.00000,0,,0.33894,0.80603,21.70585,1.00296,1,0.68110,0.84746,19.53353,1.01942,1,0,0.00000,5,6.22765,1,4.98233,1,0.00000,0,0.00000,0,0.00000,0,1,1,0,0.00000,0,,225.92734,350.93256,
19,page1-instructions,119,1.95709,449659146536,0.47549,0.10590,1.74102,0.21606,6,1,0.58215,0.02927,1,0.44940,0.00000,0,,0.34676,0.80630,21.54990,1.03601,1,0.68865,0.84838,19.34439,1.04479,1,0,0.00000,5,6.08429,1,4.95449,1,0.00000,0,0.00000,0,0.00000,0,1,1,0,0.00000,0,,274.31070,9.28695,
19,page1-instructions,135,2.21790,449661754649,0.70654,0.10237,2.02046,0.19743,7,1,0.77082,0.20814,1,0.44940,0.00000,0,,0.35581,0.80748,21.36655,0.94643,1,0.69701,0.84935,18.09679,0.94643,1,0,0.00000,5,5.71686,1,5.08237,1,0.00000,0,0.00000,0,0.00000,0,1,1,0,0.00000,0,,388.18170,0.54709,
19,page1-instructions,152,2.49712,449664546905,0.72131,0.10824,2.23430,0.26283,8,1,0.69263,0.12962,1,0.44940,0.00000,0,,0.35161,0.80669,21.05225,0.96094,1,0.69243,0.84791,17.32387,0.96094,1,0,0.00000,5,5.42230,1,4.84862,1,0.00000,0,0.00000,0,0.00000,0,1,1,0,0.00000,0,,25.56762,346.05051,
19,page1-instructions,174,2.85884,449668164073,0.78409,0.11794,2.51386,0.34499,9,1,0.83499,0.21801,1,0.44940,0.00000,0,,0.35588,0.80740,21.18248,0.93737,1,0.69687,0.84959,18.23539,0.92969,1,0,0.00000,5,5.65306,1,5.16318,1,0.00000,0,0.00000,0,0.00000,0,1,1,0,0.00000,0,,105.96097,354.48419,
19,page1-instructions,195,3.20300,449671605690,0.83230,0.21299,2.87482,0.32819,10,1,0.52778,0.20070,1,0.44940,0.00000,0,,0.34158,0.80806,21.85321,0.93965,1,0.68216,0.84810,19.16286,0.96289,1,0,0.00000,5,6.37617,1,5.30544,1,0.00000,0,0.00000,0,0.00000,0,1,1,0,0.00000,0,,128.53168,309.06042,
19,page1-instructions,213,3.49873,449674563018,0.29068,0.16817,3.26911,0.22963,11,1,0.26421,0.20689,1,0.44940,0.00000,0,,0.33235,0.80999,22.05835,1.00044,1,0.67428,0.84990,19.73712,1.00044,1,0,0.00000,5,5.93175,1,5.14164,1,0.00000,0,0.00000,0,0.00000,0,1,1,0,0.00000,0,,911.13782,177.03931,
19,page1-instructions,226,3.71232,449676698873,0.42020,0.17419,3.51529,0.19703,12,1,0.51613,0.14161,1,0.44940,0.00000,0,,0.34105,0.80885,21.08383,1.03616,1,0.68349,0.85018,18.85472,1.04494,1,0,0.00000,5,5.85646,1,4.74259,1,0.00000,0,0.00000,0,0.00000,0,1,1,0,0.00000,0,,217.68538,358.33606,
19,page1-instructions,238,3.90952,449678670841,0.50461,0.20221,3.72872,0.18080,13,1,0.50952,0.39044,0,0.44940,0.00000,0,,0.34132,0.81032,18.86974,1.02738,0,0.68320,0.85217,16.07312,1.02738,0,8,0.00000,5,4.97080,0,4.31432,0,0.00000,0,0.00000,0,0.00000,0,1,1,0,0.00000,0,,144.82866,348.27917,
19,page1-instructions,280,4.59948,449685570456,0.62779,0.19676,4.17230,0.42719,14,1,0.61926,0.20394,1,0.44940,0.00000,0,,0.34816,0.80843,19.89690,1.00952,1,0.68995,0.85068,17.77149,1.00952,1,0,0.00000,6,5.40898,1,4.67082,1,0.00000,0,0.00000,0,0.00000,0,1,1,0,0.00000,0,,207.02142,1.58398,
19,page1-instructions,304,4.99365,449689512127,0.62319,0.16884,4.61583,0.37782,15,1,0.71724,0.20941,1,0.44940,0.00000,0,,0.35189,0.81034,19.73467,1.01830,1,0.69326,0.85215,17.89951,1.02708,1,0,0.00000,6,5.52769,1,4.75009,1,0.00000,0,0.00000,0,0.00000,0,1,1,0,0.00000,0,,30.31744,104.76765,
19,page1-instructions,319,5.24051,449691980753,0.60608,0.18225,5.01028,0.23023,16,1,0.39052,0.22702,1,0.44940,0.00000,0,,0.33678,0.81368,19.95994,1.04878,1,0.67853,0.85403,17.70280,1.03232,1,0,0.00000,5,5.42896,1,4.54892,1,0.00000,0,0.00000,0,0.00000,0,1,1,0,0.00000,0,,32.00819,206.09764,
19,page1-instructions,373,6.12730,449700848646,0.14939,0.36778,5.35574,0.77156,17,1,0.11314,0.32466,1,0.44940,0.00000,0,,0.32388,0.81897,19.88184,1.02678,1,0.66636,0.85783,17.12586,1.02678,1,0,0.00000,5,4.90689,1,4.34841,1,0.00000,0,0.00000,0,0.00000,0,1,1,0,0.00000,0,,791.58423,194.24667,
19,page1-instructions,389,6.39045,449703480161,0.18712,0.35107,6.14623,0.24422,18,1,0.22897,0.35035,1,0.44940,0.00000,0,,0.33128,0.81683,19.13598,1.02820,1,0.67380,0.85662,17.23207,1.03698,1,0,0.00000,5,5.07157,1,4.36976,1,0.00000,0,0.00000,0,0.00000,0,1,1,0,0.00000,0,,65.76993,15.47223,
19,page1-instructions,403,6.62017,449705777412,0.34691,0.29268,6.40704,0.21313,19,1,0.41696,0.26817,1,0.44940,0.00000,0,,0.33877,0.81512,18.71292,1.05372,1,0.68138,0.85664,16.49562,1.04494,1,0,0.00000,5,4.95084,1,4.25017,1,0.00000,0,0.00000,0,0.00000,0,1,1,0,0.00000,0,,275.35928,12.86489,
19,page1-instructions,427,7.01493,449709724984,0.44213,0.28367,6.63690,0.37803,20,1,0.47351,0.29541,1,0.44940,0.00000,0,,0.34053,0.81501,18.19609,0.99166,1,0.68311,0.85647,16.14360,0.99166,1,0,0.00000,5,4.77586,1,4.12902,1,0.00000,0,0.00000,0,0.00000,0,1,1,0,0.00000,0,,160.24910,3.38449,
19,page1-instructions,450,7.39304,449713506038,0.49699,0.27405,7.03095,0.36208,21,1,0.57048,0.23529,1,0.44940,0.00000,0,,0.34394,0.81584,17.84090,1.06250,1,0.68667,0.85763,14.87930,1.06250,1,0,0.00000,5,4.56028,1,4.11995,1,0.00000,0,0.00000,0,0.00000,0,1,1,0,0.00000,0,,92.71667,6.25450,
19,page1-instructions,467,7.67200,449716295614,0.58609,0.30442,7.40910,0.26290,22,1,0.70984,0.31598,1,0.44940,0.00000,0,,0.35113,0.81505,17.70450,0.99166,1,0.69283,0.85811,14.30816,0.99166,1,0,0.00000,5,4.64735,1,4.12007,1,0.00000,0,0.00000,0,0.00000,0,1,1,0,0.00000,0,,153.04701,347.97388,
19,page1-instructions,487,8.00052,449719580896,0.66556,0.31648,7.68844,0.31208,23,1,0.58915,0.31081,1,0.44940,0.00000,0,,0.34592,0.81490,18.22813,1.00044,1,0.68851,0.85740,15.61128,1.00922,1,0,0.00000,5,4.65847,1,4.18739,1,0.00000,0,0.00000,0,0.00000,0,1,1,0,0.00000,0,,134.10883,354.58185,
19,page1-instructions,510,8.37817,449723357405,0.62452,0.30992,8.01695,0.36122,24,1,0.65625,0.33438,1,0.44940,0.00000,0,,0.34560,0.81754,18.59253,1.02738,1,0.68777,0.85886,16.00666,1.02738,1,0,0.00000,5,4.91858,1,4.28946,1,0.00000,0,0.00000,0,0.00000,0,1,1,0,0.00000,0,,69.29047,174.29495,
19,page1-instructions,528,8.67394,449726315117,0.61511,0.30513,8.39446,0.27948,25,1,0.57301,0.26845,1,0.44940,0.00000,0,,0.34019,0.81566,18.23021,1.05372,1,0.68242,0.85689,16.18367,1.06250,1,0,0.00000,5,4.77483,1,4.29028,1,0.00000,0,0.00000,0,0.00000,0,1,1,0,0.00000,0,,16.58961,162.35176,
19,page1-instructions,548,9.00308,449729606461,0.77040,0.33243,8.73940,0.26369,26,1,0.84032,0.36632,1,0.44940,0.00000,0,,0.35351,0.81707,18.50846,0.96094,1,0.69455,0.85845,15.16720,0.96094,1,0,0.00000,5,4.86986,1,4.64326,1,0.00000,0,0.00000,0,0.00000,0,1,1,0,0.00000,0,,262.45724,353.72977,
19,page1-instructions,564,9.26603,449732235961,0.86642,0.34193,9.01943,0.24660,27,1,0.89836,0.35544,1,0.44940,0.00000,0,,0.35665,0.81683,18.40387,0.96862,1,0.69850,0.85872,15.59302,0.96094,1,0,0.00000,5,4.85938,1,4.38540,1,0.00000,0,0.00000,0,0.00000,0,1,1,0,0.00000,0,,161.62170,356.46158,
19,page1-instructions,592,9.72717,449736847362,0.87184,0.35799,9.28243,0.44475,28,1,0.93519,0.38905,1,0.44940,0.00000,0,,0.35756,0.81604,18.24675,0.99166,1,0.69888,0.85832,15.87205,0.99166,1,0,0.00000,5,4.88408,1,4.63402,1,0.00000,0,0.00000,0,0.00000,0,1,1,0,0.00000,0,,19.16436,298.36792,
19,page1-instructions,605,9.93879,449738963596,0.71750,0.35775,9.74205,0.19674,29,1,0.51108,0.40654,1,0.44940,0.00000,0,,0.34094,0.81703,17.15695,1.01815,1,0.68252,0.85792,15.58094,1.02693,1,0,0.00000,5,4.62921,1,4.13841,1,0.00000,0,0.00000,0,0.00000,0,1,1,0,0.00000,0,,259.29138,179.94432,
19,page1-instructions,623,10.23486,449741924264,0.41800,0.46799,10.00470,0.23016,30,1,0.30651,0.54558,1,0.44940,0.00000,0,,0.33180,0.82243,18.43818,1.00059,1,0.67418,0.86179,16.52014,1.00059,1,0,0.00000,5,4.87723,1,4.04526,1,0.00000,0,0.00000,0,0.00000,0,1,1,0,0.00000,0,,516.30255,192.95551,
19,page1-instructions,647,10.62914,449745867136,0.21490,0.55985,10.30074,0.32840,31,1,0.19509,0.59786,1,0.44940,0.00000,0,,0.32724,0.82466,17.41432,0.96041,1,0.66979,0.86351,15.89023,0.96041,1,0,0.00000,5,4.57192,1,4.08650,1,0.00000,0,0.00000,0,0.00000,0,1,1,0,0.00000,0,,354.57877,195.78458,
19,page1-instructions,660,10.84265,449748002219,0.18389,0.54832,10.64530,0.19735,32,1,0.21884,0.55917,0,0.44940,0.00000,0,,0.32913,0.82412,17.17446,0.96041,0,0.67193,0.86359,15.79590,0.96041,0,9,0.00000,5,4.31971,0,4.07669,0,0.00000,0,0.00000,0,0.00000,0,1,1,0,0.00000,0,,53.48497,166.91759,
19,page1-instructions,687,11.28670,449752442639,0.37891,0.57811,11.05663,0.23006,33,1,0.45590,0.59350,1,0.44940,0.00000,0,,0.33762,0.82338,17.34442,0.99166,1,0.68055,0.86368,15.14842,1.00044,1,0,0.00000,6,4.57220,1,4.00875,1,0.00000,0,0.00000,0,0.00000,0,1,1,0,0.00000,0,,329.12332,354.54645,
19,page1-instructions,729,11.97640,449759339704,0.42895,0.54780,11.30245,0.67395,34,1,0.55710,0.54912,1,0.44940,0.00000,0,,0.36646,0.82697,20.06311,1.00044,1,0.70972,0.87279,16.59296,0.99166,1,0,0.00000,6,5.02721,1,4.14118,1,0.00000,0,0.00000,0,0.00000,0,1,1,0,0.00000,0,,89.88975,20.73525,
19,page1-instructions,771,12.66610,449766236682,0.54065,0.55092,11.99461,0.67149,35,1,0.64928,0.54704,1,0.44940,0.00000,0,,0.36771,0.82474,20.96165,1.00937,1,0.71109,0.87085,16.98720,1.00937,1,0,0.00000,6,5.40008,1,4.38285,1,0.00000,0,0.00000,0,0.00000,0,1,1,0,0.00000,0,,187.68454,358.99985,
19,page1-instructions,786,12.91248,449768700493,0.72516,0.55102,12.68221,0.23028,36,1,0.82770,0.58598,1,0.44940,0.00000,0,,0.37141,0.82619,19.81049,1.00937,1,0.71417,0.87072,17.00675,1.00937,1,0,0.00000,6,5.19398,1,4.17751,1,0.00000,0,0.00000,0,0.00000,0,1,1,0,0.00000,0,,309.97681,359.98059,
19,page1-instructions,808,13.27387,449772314336,0.79461,0.55864,12.92883,0.34503,37,1,0.74519,0.55585,1,0.44940,0.00000,0,,0.36852,0.82505,18.96216,0.99166,1,0.71132,0.86916,15.66896,0.99166,1,0,0.00000,6,4.89430,1,4.02289,1,0.00000,0,0.00000,0,0.00000,0,1,1,0,0.00000,0,,116.95004,356.07712,
19,page1-instructions,828,13.60244,449775600081,0.42784,0.71186,13.38902,0.21342,38,1,0.26748,0.82727,1,0.44940,0.00000,0,,0.34518,0.83602,19.40761,1.00059,1,0.68740,0.87762,16.49158,1.00937,1,0,0.00000,6,5.06766,1,4.69106,1,0.00000,0,0.00000,0,0.00000,0,1,1,0,0.00000,0,,636.83014,194.63306,
19,page1-instructions,853,14.01323,449779707955,0.26330,0.82123,13.66900,0.34423,39,1,0.36733,0.83323,1,0.44940,0.00000,0,,0.34647,0.83510,17.40204,1.04464,1,0.68934,0.87756,15.75276,1.04464,1,0,0.00000,6,4.69887,1,4.17081,1,0.00000,0,0.00000,0,0.00000,0,1,1,0,0.00000,0,,299.33237,202.55988,
19,page1-instructions,868,14.26270,449782202660,0.40393,0.80260,14.02969,0.23300,40,1,0.59053,0.74936,1,0.44940,0.00000,0,,0.35341,0.83475,18.15674,1.06250,1,0.69625,0.87513,14.30920,1.06250,1,0,0.00000,6,4.60927,1,3.78377,1,0.00000,0,0.00000,0,0.00000,0,1,1,0,0.00000,0,,237.06686,4.73312,
19,page1-instructions,887,14.57209,449785296575,0.64425,0.80399,14.32586,0.24623,41,1,0.71562,0.81441,1,0.44940,0.00000,0,,0.35582,0.83402,18.71678,1.04494,1,0.69904,0.87579,15.33876,1.05372,1,0,0.00000,6,4.80555,1,3.98267,1,0.00000,0,0.00000,0,0.00000,0,1,1,0,0.00000,0,,403.74020,359.79288,
19,page1-instructions,902,14.81937,449787769313,0.76345,0.84117,14.58854,0.23083,42,1,0.80750,0.86117,1,0.44940,0.00000,0,,0.36158,0.83505,18.96383,0.99166,1,0.70427,0.87718,15.59303,0.99166,1,0,0.00000,6,4.78372,1,3.98578,1,0.00000,0,0.00000,0,0.00000,0,1,1,0,0.00000,0,,204.02586,348.96881,
19,page1-instructions,935,15.36054,449793181080,0.80975,0.82393,14.83565,0.52489,43,1,0.66324,0.61527,1,0.44940,0.00000,0,,0.35625,0.82533,17.40796,1.01815,1,0.69929,0.86900,14.11003,1.02693,1,0,0.00000,6,4.84774,1,3.96481,1,0.00000,0,0.00000,0,0.00000,0,1,1,0,0.00000,0,,79.86253,13.10077,
19,page1-instructions,959,15.75455,449797121146,0.41721,0.30932,15.42610,0.32845,44,1,0.38903,0.20992,1,0.44940,0.00000,0,,0.34619,0.81367,18.67816,1.02678,1,0.68792,0.85610,16.71160,1.02678,1,0,0.00000,6,4.67315,1,4.33853,1,0.00000,0,0.00000,0,0.00000,0,1,1,0,0.00000,0,,852.56366,140.67020,
19,page1-instructions,971,15.95161,449799091769,0.41073,0.18739,15.77111,0.18050,45,1,0.37020,0.17838,1,0.44940,0.00000,0,,0.34427,0.81285,18.76056,1.02678,1,0.68617,0.85535,17.09689,1.02678,1,0,0.00000,6,4.93677,1,4.66583,1,0.00000,0,0.00000,0,0.00000,0,1,1,0,0.00000,0,,128.48851,94.86031,
12,page1,6,0.09842,449800242342,0.38297,0.17168,0.00000,0.09842,1,1,0.32685,0.11641,1,0.44940,0.00000,0,,0.34253,0.81163,18.47791,1.02693,1,0.68510,0.85327,16.69361,1.02693,1,0,0.00000,6,4.93846,1,4.54540,1,0.00000,0,0.00000,0,0.00000,0,1,1,0,0.00000,0,,49.46814,160.52126,
12,page1,25,0.41047,449803362900,0.35938,0.11005,0.11514,0.29534,2,1,0.43131,0.02620,1,0.44940,0.00000,0,,0.34883,0.80709,20.16224,1.01830,1,0.69017,0.85051,17.19691,1.02708,1,0,0.00000,6,5.06191,1,4.73373,1,0.00000,0,0.00000,0,0.00000,0,1,1,0,0.00000,0,,75.88287,121.48449,
12,page1,54,0.88683,449808126278,0.40673,0.08532,0.42752,0.45930,3,1,0.40820,0.15422,0,0.44940,0.00000,0,,0.34581,0.80930,19.68801,1.04604,0,0.68809,0.85146,17.29165,1.06250,0,10,0.00000,6,5.14015,0,4.51517,0,0.00000,0,0.00000,0,0.00000,0,1,1,0,0.00000,0,,83.67878,18.07801,
12,page1,85,1.39642,449813222340,0.37129,0.15730,1.10246,0.29398,4,1,0.45841,0.35114,1,0.44940,0.00000,0,,0.34927,0.81320,20.87770,0.98675,1,0.69104,0.85484,18.23028,0.97797,1,0,0.00000,7,5.64367,1,4.89009,1,0.00000,0,0.00000,0,0.00000,0,1,1,0,0.00000,0,,96.21381,231.76987,
12,page1,130,2.13567,449820614796,0.44578,0.32608,1.46230,0.67337,5,1,0.44175,0.45672,1,0.44940,0.00000,0,,0.34843,0.81894,21.50315,1.00044,1,0.69078,0.86003,18.09513,1.00922,1,0,0.00000,6,5.73292,1,4.89895,1,0.00000,0,0.00000,0,0.00000,0,1,1,0,0.00000,0,,216.95021,305.22781,
12,page1,167,2.74487,449826706678,0.40916,0.40476,2.15205,0.59281,6,1,0.38692,0.43698,1,0.44940,0.00000,0,,0.34552,0.81908,21.79356,1.02738,1,0.68837,0.86113,19.29037,1.02738,1,0,0.00000,6,5.98118,1,5.12677,1,0.00000,0,0.00000,0,0.00000,0,1,1,0,0.00000,0,,103.00478,233.32541,
12,page1,187,3.07227,449829980748,0.40825,0.43901,2.76126,0.31100,7,1,0.53849,0.44198,1,0.44940,0.00000,0,,0.35402,0.81959,23.76822,1.06250,1,0.69669,0.86041,18.80272,1.06250,1,0,0.00000,6,6.01985,1,4.81716,1,0.00000,0,0.00000,0,0.00000,0,1,1,0,0.00000,0,,35.99495,267.56577,
12,page1,204,3.35136,449832771769,0.54011,0.31186,3.13834,0.21304,8,1,0.50678,0.13826,1,0.44940,0.00000,0,,0.35213,0.81002,21.93409,1.05372,1,0.69402,0.85324,19.92649,1.06250,1,0,0.00000,6,6.06109,1,4.98940,1,0.00000,0,0.00000,0,0.00000,0,1,1,0,0.00000,0,,258.64545,31.07633,
12,page1,232,3.81123,449837370418,0.50573,0.29512,3.36815,0.44307,9,1,0.46939,0.36853,1,0.44940,0.00000,0,,0.34978,0.81885,22.73005,1.03616,1,0.69155,0.85925,18.19015,1.04494,1,0,0.00000,6,5.89565,1,5.09589,1,0.00000,0,0.00000,0,0.00000,0,1,1,0,0.00000,0,,60.37372,163.07401,
12,page1,249,4.09103,449840168454,0.50877,0.55107,3.87724,0.21380,10,1,0.53528,0.60173,1,0.44940,0.00000,0,,0.35413,0.82442,23.50332,1.02678,1,0.69687,0.86715,19.87744,1.02678,1,0,0.00000,6,5.91956,1,4.97014,1,0.00000,0,0.00000,0,0.00000,0,1,1,0,0.00000,0,,268.79599,271.08871,
12,page1,263,4.32079,449842465950,0.56202,0.70849,4.10709,0.21370,11,1,0.60553,0.77754,1,0.44940,0.00000,0,,0.35662,0.83174,24.42211,1.00922,1,0.69947,0.87395,20.57347,1.00044,1,0,0.00000,6,5.99503,1,5.12216,1,0.00000,0,0.00000,0,0.00000,0,1,1,0,0.00000,0,,187.94737,298.42346,
12,page1,276,4.53395,449844597618,0.57332,0.62496,4.33751,0.19644,12,1,0.55329,0.42655,1,0.44940,0.00000,0,,0.35657,0.81973,23.91037,1.02678,1,0.69892,0.86157,19.66681,1.02678,1,0,0.00000,6,6.08859,1,5.07523,1,0.00000,0,0.00000,0,0.00000,0,1,1,0,0.00000,0,,89.73749,77.78681,
12,page1,296,4.86423,449847900506,0.58047,0.39389,4.60001,0.26422,13,1,0.62327,0.26908,1,0.44940,0.00000,0,,0.35885,0.81383,21.58271,1.07550,1,0.69984,0.85692,17.99224,1.05659,1,0,0.00000,6,5.75925,1,4.73735,1,0.00000,0,0.00000,0,0.00000,0,1,1,0,0.00000,0,,242.92067,87.16565,
12,page1,322,5.29033,449852161455,0.61225,0.31374,4.88126,0.40907,14,1,0.59889,0.37181,1,0.44940,0.00000,0,,0.35748,0.81656,19.76598,0.98398,1,0.69934,0.85947,16.16891,0.97630,1,0,0.00000,6,5.20697,1,4.36475,1,0.00000,0,0.00000,0,0.00000,0,1,1,0,0.00000,0,,99.66452,57.60858,
12,page1,348,5.71724,449856430542,0.58376,0.31574,5.30708,0.41017,15,1,0.46463,0.27418,1,0.44940,0.00000,0,,0.35412,0.81569,20.09066,1.09340,1,0.69598,0.85844,17.34329,1.08462,1,0,0.00000,6,5.29463,1,4.61276,1,0.00000,0,0.00000,0,0.00000,0,1,1,0,0.00000,0,,47.90915,182.51227,
13,page2,19,0.31183,449860042141,0.46217,0.33075,0.01599,0.29584,2,1,0.48721,0.33431,1,0.44940,0.00000,0,,0.35153,0.81603,21.51441,1.03586,1,0.69430,0.85774,18.36446,1.02708,1,0,0.00000,6,5.79447,1,4.94612,1,0.00000,0,0.00000,0,0.00000,0,1,1,0,0.00000,0,,204.87834,184.41190,
13,page2,33,0.54197,449862343515,0.43391,0.22689,0.32832,0.21365,3,1,0.41854,0.17362,1,0.44940,0.00000,0,,0.35004,0.80988,21.74108,1.01897,1,0.69187,0.85247,19.23743,1.01897,1,0,0.00000,6,5.84704,1,4.91292,1,0.00000,0,0.00000,0,0.00000,0,1,1,0,0.00000,0,,118.93948,113.52616,
13,page2,49,0.80493,449864973149,0.48346,0.12363,0.55837,0.24656,4,1,0.52758,0.13777,1,0.44940,0.00000,0,,0.35627,0.80836,20.48135,0.99166,1,0.69806,0.85237,18.31729,0.99166,1,0,0.00000,6,5.59941,1,4.65904,1,0.00000,0,0.00000,0,0.00000,0,1,1,0,0.00000,0,,136.69350,52.48399,
13,page2,63,1.03541,449867277925,0.52680,0.22982,0.82121,0.21420,5,1,0.50799,0.46673,1,0.44940,0.00000,0,,0.35538,0.82434,22.44161,1.05372,1,0.69703,0.86611,17.85728,1.06250,1,0,0.00000,6,5.67189,1,4.51460,1,0.00000,0,0.00000,0,0.00000,0,1,1,0,0.00000,0,,133.16757,303.14526,
14,page3,19,0.30994,449871211121,0.50531,0.48118,0.00000,0.30995,2,1,0.47720,0.25203,1,0.44940,0.00000,0,,0.35421,0.81757,23.20719,1.12500,1,0.69559,0.85874,18.90656,1.10609,1,0,0.00000,6,5.98095,1,5.00385,1,0.00000,0,0.00000,0,0.00000,0,1,1,0,0.00000,0,,266.38589,262.21075,
14,page3,39,0.63926,449874504170,0.43494,0.20321,0.37579,0.26347,3,1,0.41440,0.10694,1,0.44940,0.00000,0,,0.35215,0.80981,19.81793,1.04494,1,0.69372,0.85409,17.99933,1.05372,1,0,0.00000,6,5.33565,1,4.57721,1,0.00000,0,0.00000,0,0.00000,0,1,1,0,0.00000,0,,314.90250,112.05045,
14,page3,54,0.88536,449876965199,0.47381,0.21686,0.65950,0.22586,4,1,0.49937,0.24835,1,0.44940,0.00000,0,,0.35619,0.81249,19.45979,0.99166,1,0.69800,0.85634,17.10114,0.99166,1,0,0.00000,6,5.15384,1,4.33640,1,0.00000,0,0.00000,0,0.00000,0,1,1,0,0.00000,0,,66.85594,347.62091,
14,page3,64,1.04953,449878606882,0.51424,0.27397,0.90136,0.14817,5,1,0.53582,0.31523,1,0.44940,0.00000,0,,0.35605,0.81588,19.59970,1.01800,1,0.69814,0.85979,17.49359,1.02678,1,0,0.00000,6,5.28194,1,4.36649,1,0.00000,0,0.00000,0,0.00000,0,1,1,0,0.00000,0,,90.60529,318.56024,
18,page4-instructions,6,0.09940,449879764378,0.52450,0.30418,0.00000,0.09940,1,1,0.55592,0.36386,1,0.44940,0.00000,0,,0.35714,0.81528,20.32277,0.97963,1,0.69953,0.85944,17.96446,0.99609,1,0,0.00000,6,5.47513,1,4.52051,1,0.00000,0,0.00000,0,0.00000,0,1,1,0,0.00000,0,,36.10121,298.51953,
18,page4-instructions,27,0.44369,449883207272,0.50447,0.32717,0.11626,0.32743,2,1,0.42466,0.40477,1,0.44940,0.00000,0,,0.35217,0.81836,20.80116,0.96835,1,0.69430,0.86138,18.54368,0.96067,1,0,0.00000,6,5.55659,1,4.87337,1,0.00000,0,0.00000,0,0.00000,0,1,1,0,0.00000,0,,41.41338,215.65416,
18,page4-instructions,41,0.68349,449885605223,0.35605,0.29415,0.46019,0.22330,3,1,0.28471,0.21141,1,0.44940,0.00000,0,,0.34801,0.81202,19.17174,1.00334,1,0.68957,0.85580,16.71288,1.00334,1,0,0.00000,6,4.87932,1,4.56115,1,0.00000,0,0.00000,0,0.00000,0,1,1,0,0.00000,0,,251.74451,172.08389,
18,page4-instructions,67,1.10086,449889778982,0.25105,0.19095,0.74173,0.35913,4,1,0.46910,0.15594,1,0.44940,0.00000,0,,0.35435,0.80956,18.03318,0.96848,1,0.69492,0.85321,14.69220,0.97617,1,0,0.00000,6,4.47730,1,3.92116,1,0.00000,0,0.00000,0,0.00000,0,1,1,0,0.00000,0,,207.02379,148.43819,
18,page4-instructions,84,1.38020,449892572369,0.59317,0.13642,1.16671,0.21349,5,1,0.71369,0.13085,1,0.44940,0.00000,0,,0.36510,0.80984,17.97539,1.02738,1,0.70676,0.85521,15.36122,1.02738,1,0,0.00000,6,4.97442,1,4.56591,1,0.00000,0,0.00000,0,0.00000,0,1,1,0,0.00000,0,,577.60645,5.68891,
18,page4-instructions,101,1.66629,449895433300,0.76173,0.23233,1.44654,0.21975,6,1,0.47132,0.42099,1,0.44940,0.00000,0,,0.35653,0.81867,17.63276,0.99291,1,0.69733,0.86308,16.43860,1.00059,1,0,0.00000,6,4.72878,1,4.09173,1,0.00000,0,0.00000,0,0.00000,0,1,1,0,0.00000,0,,300.55447,340.42346,
18,page4-instructions,120,1.97184,449898488682,0.40625,0.40720,1.72494,0.24689,7,1,0.35218,0.40874,1,0.44940,0.00000,0,,0.34779,0.82067,18.88290,1.02901,1,0.69006,0.86205,16.34451,1.02901,1,0,0.00000,6,5.06426,1,4.35084,1,0.00000,0,0.00000,0,0.00000,0,1,1,0,0.00000,0,,624.79553,197.09027,
18,page4-instructions,138,2.26714,449901441769,0.28296,0.33433,2.03908,0.22806,8,1,0.45228,0.12631,1,0.44940,0.00000,0,,0.35263,0.81159,19.28951,1.03586,1,0.69353,0.85403,15.96220,1.02708,1,0,0.00000,6,4.89970,1,4.52473,1,0.00000,0,0.00000,0,0.00000,0,1,1,0,0.00000,0,,220.80760,159.72559,
18,page4-instructions,154,2.53030,449904073322,0.61725,0.13798,2.33284,0.19746,9,1,0.74937,0.13524,1,0.44940,0.00000,0,,0.36691,0.81076,18.45815,0.97630,1,0.70837,0.85616,15.69226,0.98398,1,0,0.00000,6,5.15475,1,4.75571,1,0.00000,0,0.00000,0,0.00000,0,1,1,0,0.00000,0,,598.25397,20.15832,
18,page4-instructions,168,2.76125,449906382952,0.80824,0.18511,2.54818,0.21307,10,1,0.86359,0.20693,1,0.44940,0.00000,0,,0.37262,0.81123,18.73665,0.92968,1,0.71361,0.85690,15.36470,0.92968,1,0,0.00000,6,4.89477,1,4.92396,1,0.00000,0,0.00000,0,0.00000,0,1,1,0,0.00000,0,,324.65674,351.23239,
18,page4-instructions,181,2.97351,449908505448,0.66950,0.27385,2.77646,0.19704,11,1,0.16254,0.43416,1,0.44940,0.00000,0,,0.34234,0.81947,18.63843,1.00922,1,0.68351,0.86053,16.49634,1.01800,1,0,0.00000,6,4.79299,1,4.27297,1,0.00000,0,0.00000,0,0.00000,0,1,1,0,0.00000,0,,251.01732,201.78949,
18,page4-instructions,203,3.33527,449912123146,0.14975,0.42474,3.03960,0.29567,12,1,0.11671,0.48424,1,0.44940,0.00000,0,,0.33786,0.81980,19.28963,0.94851,1,0.67987,0.86190,17.85690,0.93973,1,0,0.00000,6,4.87725,1,4.49988,1,0.00000,0,0.00000,0,0.00000,0,1,1,0,0.00000,0,,887.43726,190.28418,
18,page4-instructions,219,3.59801,449914750503,0.18508,0.42116,3.35133,0.24667,13,1,0.20520,0.36936,1,0.44940,0.00000,0,,0.34451,0.81805,18.20330,1.05477,1,0.68713,0.86106,16.45502,1.06490,1,0,0.00000,6,4.88619,1,4.35024,1,0.00000,0,0.00000,0,0.00000,0,1,1,0,0.00000,0,,59.47334,3.62376,
18,page4-instructions,241,3.96207,449918391062,0.25250,0.42631,3.61420,0.34786,14,1,0.38480,0.38564,1,0.44940,0.00000,0,,0.35030,0.81429,17.77359,0.97715,1,0.69281,0.85770,16.18646,0.97715,1,0,0.00000,6,4.63130,1,4.00800,1,0.00000,0,0.00000,0,0.00000,0,1,1,0,0.00000,0,,113.39457,357.26669,
18,page4-instructions,260,4.27156,449921486017,0.39181,0.40611,4.02507,0.24650,15,1,0.37111,0.61923,0,0.44940,0.00000,0,,0.35024,0.81497,17.62035,1.05371,0,0.69303,0.86689,9.73711,1.06249,0,11,0.00000,6,4.61438,0,3.57927,0,0.00000,0,0.00000,0,0.00000,0,1,1,0,0.00000,0,,234.99992,5.17830,
18,page4-instructions,288,4.73283,449926098786,0.20865,0.44050,4.48605,0.24680,16,1,0.41161,0.40993,1,0.44940,0.00000,0,,0.35400,0.81740,18.97808,1.01800,1,0.69636,0.86164,16.51874,1.00922,1,0,0.00000,7,4.87272,1,4.27709,1,0.00000,0,0.00000,0,0.00000,0,1,1,0,0.00000,0,,309.82028,186.69301,
18,page4-instructions,306,5.02808,449929051135,0.49713,0.42071,4.79742,0.23065,17,1,0.60248,0.39293,1,0.44940,0.00000,0,,0.36047,0.81709,19.09810,1.06249,1,0.70205,0.86109,14.85296,1.06249,1,0,0.00000,7,4.97986,1,4.10381,1,0.00000,0,0.00000,0,0.00000,0,1,1,0,0.00000,0,,485.09167,2.45509,
18,page4-instructions,321,5.27642,449931534542,0.65340,0.37443,5.04481,0.23161,18,1,0.74303,0.39117,1,0.44940,0.00000,0,,0.36639,0.81876,19.39702,1.01830,1,0.70762,0.86197,15.14479,1.02708,1,0,0.00000,7,5.09403,1,4.23968,1,0.00000,0,0.00000,0,0.00000,0,1,1,0,0.00000,0,,266.99304,10.48655,
18,page4-instructions,342,5.61839,449934954205,0.77549,0.41666,5.29004,0.32835,19,1,0.89203,0.47517,1,0.44940,0.00000,0,,0.36993,0.82210,19.83047,0.99166,1,0.71116,0.86521,15.97833,0.99166,1,0,0.00000,7,4.98973,1,4.34895,1,0.00000,0,0.00000,0,0.00000,0,1,1,0,0.00000,0,,209.84930,347.80136,
18,page4-instructions,361,5.93074,449938077764,0.84035,0.45887,5.68428,0.24647,20,1,0.63392,0.45760,1,0.44940,0.00000,0,,0.35810,0.82224,19.32910,1.00922,1,0.69985,0.86363,16.39327,1.01800,1,0,0.00000,7,5.03447,1,4.13838,1,0.00000,0,0.00000,0,0.00000,0,1,1,0,0.00000,0,,117.63351,337.86639,
18,page4-instructions,378,6.20966,449940866909,0.50424,0.47727,5.99634,0.21332,21,1,0.43419,0.44439,1,0.44940,0.00000,0,,0.34950,0.82319,19.50902,1.00952,1,0.69231,0.86382,16.66958,1.00952,1,0,0.00000,7,5.23694,1,4.41365,1,0.00000,0,0.00000,0,0.00000,0,1,1,0,0.00000,0,,564.99524,181.95961,
18,page4-instructions,398,6.53812,449944151666,0.44239,0.48491,6.22603,0.31210,22,1,0.59386,0.49481,1,0.44940,0.00000,0,,0.35848,0.82029,18.70082,1.01950,1,0.70012,0.86218,16.02316,1.00059,1,0,0.00000,7,5.01435,1,4.08594,1,0.00000,0,0.00000,0,0.00000,0,1,1,0,0.00000,0,,104.21716,184.41464,
18,page4-instructions,429,7.04750,449949245369,0.58062,0.48304,6.60411,0.44340,23,1,0.41092,0.57669,1,0.44940,0.00000,0,,0.35098,0.82148,17.02327,1.00952,1,0.69283,0.86340,14.88020,1.00952,1,0,0.00000,7,4.38529,1,3.94168,1,0.00000,0,0.00000,0,0.00000,0,1,1,0,0.00000,0,,232.23468,0.48443,
18,page4-instructions,446,7.32721,449952042446,0.25111,0.57748,7.11401,0.21320,24,1,0.16730,0.65230,1,0.44940,0.00000,0,,0.33987,0.82686,18.06994,0.96041,1,0.68195,0.86830,16.37072,0.96041,1,0,0.00000,7,4.49245,1,4.07905,1,0.00000,0,0.00000,0,0.00000,0,1,1,0,0.00000,0,,562.38806,190.15565,
18,page4-instructions,475,7.80295,449956799864,0.15281,0.62100,7.34380,0.45914,25,1,0.27051,0.63421,1,0.44940,0.00000,0,,0.34491,0.82715,17.20621,1.00141,1,0.68687,0.86960,16.00181,1.01019,1,0,0.00000,7,4.62532,1,4.11832,1,0.00000,0,0.00000,0,0.00000,0,1,1,0,0.00000,0,,171.34949,195.46696,
18,page4-instructions,492,8.08244,449959594775,0.28415,0.62878,7.81981,0.26263,26,1,0.39621,0.64094,1,0.44940,0.00000,0,,0.34987,0.82903,18.44195,1.06249,1,0.69220,0.87149,15.68309,1.06249,1,0,0.00000,7,4.85050,1,4.29211,1,0.00000,0,0.00000,0,0.00000,0,1,1,0,0.00000,0,,220.80235,357.87976,
18,page4-instructions,509,8.36182,449962388657,0.42945,0.62208,8.09917,0.26266,27,1,0.46765,0.54551,1,0.44940,0.00000,0,,0.35583,0.82965,18.66927,1.14422,1,0.69799,0.87144,15.25442,1.14422,1,0,0.00000,7,4.65723,1,3.89347,1,0.00000,0,0.00000,0,0.00000,0,1,1,0,0.00000,0,,244.20535,1.65078,
18,page4-instructions,526,8.64130,449965183367,0.55383,0.59880,8.37836,0.26294,28,1,0.70048,0.63693,1,0.44940,0.00000,0,,0.36257,0.82971,17.78214,1.04493,1,0.70430,0.87176,14.87600,1.05371,1,0,0.00000,7,4.61962,1,3.97916,1,0.00000,0,0.00000,0,0.00000,0,1,1,0,0.00000,0,,210.38332,6.67216,
18,page4-instructions,547,8.98658,449968636211,0.73516,0.63382,8.70820,0.27838,29,1,0.77555,0.64326,1,0.44940,0.00000,0,,0.36830,0.82876,18.78416,0.99166,1,0.71017,0.87158,15.64132,0.99166,1,0,0.00000,7,4.72977,1,4.00402,1,0.00000,0,0.00000,0,0.00000,0,1,1,0,0.00000,0,,306.84561,353.11740,
18,page4-instructions,565,9.28194,449971589811,0.80258,0.65813,9.00326,0.27869,30,1,0.88692,0.62185,1,0.44940,0.00000,0,,0.37130,0.82920,18.94914,1.03601,1,0.71236,0.87231,14.57976,1.04478,1,0,0.00000,7,4.79653,1,4.01347,1,0.00000,0,0.00000,0,0.00000,0,1,1,0,0.00000,0,,116.10609,347.29999,
18,page4-instructions,583,9.57764,449974546730,0.83647,0.65728,9.29834,0.27930,31,1,0.72760,0.64589,1,0.44940,0.00000,0,,0.36502,0.82835,17.93581,1.03601,1,0.70685,0.87093,15.65405,1.02723,1,0,0.00000,7,4.79991,1,3.95448,1,0.00000,0,0.00000,0,0.00000,0,1,1,0,0.00000,0,,56.94230,0.89803,
18,page4-instructions,590,9.69288,449975699186,0.75815,0.72124,9.59399,0.09888,32,1,0.73107,0.79282,0,0.44940,0.00000,0,,0.36407,0.83588,12.52929,1.02737,0,0.70602,0.87665,11.00737,1.02737,0,12,0.00000,7,4.24323,0,3.86566,0,0.00000,0,0.00000,0,0.00000,0,1,1,0,0.00000,0,,147.72565,207.04001,
18,page4-instructions,619,10.17204,449980490714,0.75745,0.72294,9.95708,0.21496,33,1,0.37138,0.72349,1,0.44940,0.00000,0,,0.35216,0.82979,19.85208,1.00308,1,0.69409,0.87222,17.89575,1.01076,1,0,0.00000,7,5.32411,1,4.75167,1,0.00000,0,0.00000,0,0.00000,0,1,1,0,0.00000,0,,2.13761,236.62210,
18,page4-instructions,636,10.44838,449983254181,0.48177,0.73971,10.23547,0.21290,34,1,0.63687,0.72584,1,0.44940,0.00000,0,,0.36118,0.83112,20.48565,1.00267,1,0.70420,0.87319,16.57365,1.01145,1,0,0.00000,7,5.04936,1,4.25814,1,0.00000,0,0.00000,0,0.00000,0,1,1,0,0.00000,0,,463.47702,182.17731,
18,page4-instructions,659,10.82634,449987033786,0.60857,0.71884,10.51418,0.31216,35,1,0.47006,0.74244,1,0.44940,0.00000,0,,0.35645,0.83189,19.08841,1.00059,1,0.69871,0.87387,15.61306,1.00937,1,0,0.00000,7,4.79610,1,3.96651,1,0.00000,0,0.00000,0,0.00000,0,1,1,0,0.00000,0,,214.14813,5.87329,
18,page4-instructions,674,11.07235,449989493896,0.44522,0.61123,10.89194,0.18041,36,1,0.42423,0.29694,1,0.44940,0.00000,0,,0.35482,0.81495,18.94052,1.01845,1,0.69486,0.85790,16.69123,1.02722,1,0,0.00000,7,4.87863,1,4.35678,1,0.00000,0,0.00000,0,0.00000,0,1,1,0,0.00000,0,,296.77866,157.62152,
16,calibration-verification-instructions,0,0.00000,449989658399,0.44379,0.58069,0.00000,0.00000,1,1,0.42668,0.21411,1,0.44940,0.00000,0,,0.35472,0.81323,19.66479,1.01830,1,0.69493,0.85678,17.04450,1.02708,1,0,0.00000,7,4.91557,1,4.52378,1,0.00000,0,0.00000,0,0.00000,0,1,1,0,0.00000,0,,32.15682,94.28451,
16,calibration-verification-instructions,26,0.42886,449993946998,0.41845,0.23150,0.06573,0.36312,2,1,0.29033,0.24427,1,0.44940,0.00000,0,,0.34694,0.81527,19.37683,1.05356,1,0.68852,0.85793,17.57911,1.04478,1,0,0.00000,7,5.03470,1,4.72367,1,0.00000,0,0.00000,0,0.00000,0,1,1,0,0.00000,0,,369.11270,96.62289,
16,calibration-verification-instructions,45,0.73957,449997054072,0.22684,0.25763,0.49274,0.24683,3,1,0.19237,0.28424,1,0.44940,0.00000,0,,0.34096,0.81641,19.46236,0.99553,1,0.68264,0.85843,17.07362,0.99553,1,0,0.00000,7,4.85742,1,4.56203,1,0.00000,0,0.00000,0,0.00000,0,1,1,0,0.00000,0,,323.07187,184.87164,
16,calibration-verification-instructions,63,1.03474,450000005739,0.24663,0.25982,0.75585,0.27889,4,1,0.48684,0.24173,1,0.44940,0.00000,0,,0.35455,0.81426,19.51110,1.01800,1,0.69604,0.85772,16.76858,1.00922,1,0,0.00000,7,5.16209,1,4.35229,1,0.00000,0,0.00000,0,0.00000,0,1,1,0,0.00000,0,,33.32662,356.04352,
16,calibration-verification-instructions,80,1.31483,450002806640,0.58089,0.25694,1.10086,0.21397,5,1,0.77157,0.26116,1,0.44940,0.00000,0,,0.36982,0.81491,20.44397,1.00044,1,0.71067,0.85959,16.25379,0.99166,1,0,0.00000,7,5.33645,1,4.71895,1,0.00000,0,0.00000,0,0.00000,0,1,1,0,0.00000,0,,561.56494,0.30854,
16,calibration-verification-instructions,98,1.61011,450005759438,0.82291,0.28631,1.38008,0.23003,6,1,0.86024,0.31043,1,0.44940,0.00000,0,,0.37477,0.81484,20.15767,0.94059,1,0.71550,0.86066,16.46341,0.94828,1,0,0.00000,7,5.20463,1,4.67480,1,0.00000,0,0.00000,0,0.00000,0,1,1,0,0.00000,0,,407.76138,355.66266,
16,calibration-verification-instructions,118,1.93878,450009046164,0.84738,0.27413,1.62708,0.31170,7,1,0.79978,0.21322,1,0.44940,0.00000,0,,0.37017,0.81427,19.25045,1.02678,1,0.71083,0.85957,15.92554,1.02678,1,0,0.00000,7,5.04513,1,4.70832,1,0.00000,0,0.00000,0,0.00000,0,1,1,0,0.00000,0,,43.05298,17.28066,
16,calibration-verification-instructions,133,2.18525,450011510902,0.86974,0.26340,1.95538,0.22987,8,1,0.92469,0.35827,1,0.44940,0.00000,0,,0.37626,0.81595,19.47947,0.92600,1,0.71660,0.86208,15.99091,0.92600,1,0,0.00000,7,5.05154,1,4.92340,1,0.00000,0,0.00000,0,0.00000,0,1,1,0,0.00000,0,,39.21798,16.69514,
16,calibration-verification-instructions,146,2.39906,450013648910,0.71635,0.34389,2.20137,0.19769,9,1,0.53466,0.33295,1,0.44940,0.00000,0,,0.35661,0.81546,18.64511,0.97715,1,0.69795,0.85925,17.30666,0.98593,1,0,0.00000,7,5.06389,1,4.33981,1,0.00000,0,0.00000,0,0.00000,0,1,1,0,0.00000,0,,271.20013,198.15759,
16,calibration-verification-instructions,170,2.79275,450017585849,0.50506,0.30202,2.46430,0.32845,10,1,0.48323,0.31383,1,0.44940,0.00000,0,,0.35634,0.81745,18.57158,1.01800,1,0.69800,0.86220,17.04457,1.02678,1,0,0.00000,7,5.13591,1,4.37479,1,0.00000,0,0.00000,0,0.00000,0,1,1,0,0.00000,0,,357.67929,172.93974,
16,calibration-verification-instructions,186,3.05598,450020218155,0.46797,0.34723,2.80894,0.24704,11,1,0.44658,0.43774,1,0.44940,0.00000,0,,0.35419,0.82189,18.21869,1.02678,1,0.69630,0.86544,16.45367,1.02678,1,0,0.00000,7,4.97674,1,4.19991,1,0.00000,0,0.00000,0,0.00000,0,1,1,0,0.00000,0,,78.33349,217.30121,
16,calibration-verification-instructions,200,3.28579,450022516305,0.36624,0.46616,3.07286,0.21293,12,1,0.27389,0.49196,1,0.44940,0.00000,0,,0.34725,0.82513,18.78303,1.02678,1,0.68888,0.86679,16.41698,1.03691,1,0,0.00000,7,5.04167,1,4.36880,1,0.00000,0,0.00000,0,0.00000,0,1,1,0,0.00000,0,,211.66754,216.15456,
16,calibration-verification-instructions,215,3.53230,450024981335,0.20371,0.50871,3.30209,0.23021,13,1,0.19126,0.57430,1,0.44940,0.00000,0,,0.34299,0.82566,19.58291,0.97700,1,0.68494,0.86734,16.89066,0.97700,1,0,0.00000,7,5.01989,1,4.32826,1,0.00000,0,0.00000,0,0.00000,0,1,1,0,0.00000,0,,276.68140,189.29260,
16,calibration-verification-instructions,233,3.82789,450027937264,0.21989,0.50641,3.54881,0.27908,14,1,0.30592,0.45934,1,0.44940,0.00000,0,,0.34719,0.82432,18.10340,1.06730,1,0.68963,0.86710,15.91162,1.05717,1,0,0.00000,7,4.76589,1,4.08196,1,0.00000,0,0.00000,0,0.00000,0,1,1,0,0.00000,0,,27.28944,5.07703,
16,calibration-verification-instructions,250,4.10740,450030732333,0.32802,0.45616,3.84458,0.26282,15,1,0.35322,0.44350,1,0.44940,0.00000,0,,0.35104,0.82374,17.65282,1.08275,1,0.69336,0.86660,15.75042,1.07262,1,0,0.00000,7,4.55010,1,3.95485,1,0.00000,0,0.00000,0,0.00000,0,1,1,0,0.00000,0,,189.16571,16.19589,
16,calibration-verification-instructions,272,4.46921,450034350428,0.42564,0.47023,4.12380,0.34541,16,1,0.50470,0.46445,1,0.44940,0.00000,0,,0.35634,0.82440,17.80422,1.05371,1,0.69864,0.86839,15.37812,1.06249,1,0,0.00000,6,4.69344,1,3.91333,1,0.00000,0,0.00000,0,0.00000,0,1,1,0,0.00000,0,,164.66565,354.85260,
16,calibration-verification-instructions,290,4.76436,450037301982,0.51371,0.48596,4.48483,0.27953,17,1,0.58706,0.49734,1,0.44940,0.00000,0,,0.36152,0.82450,17.82223,1.00044,1,0.70413,0.86914,14.86763,0.99166,1,0,0.00000,6,4.61350,1,3.82642,1,0.00000,0,0.00000,0,0.00000,0,1,1,0,0.00000,0,,148.87665,353.63046,
16,calibration-verification-instructions,308,5.06001,450040258405,0.64721,0.48180,4.78060,0.27940,18,1,0.72830,0.49450,1,0.44940,0.00000,0,,0.36766,0.82512,18.41015,1.03615,1,0.70969,0.86927,15.15901,1.02737,1,0,0.00000,6,4.70605,1,3.93990,1,0.00000,0,0.00000,0,0.00000,0,1,1,0,0.00000,0,,224.32243,1.11574,
16,calibration-verification-instructions,332,5.45590,450044217332,0.74366,0.49346,5.07643,0.37946,19,1,0.76788,0.45113,1,0.44940,0.00000,0,,0.37025,0.82496,18.64574,1.04478,1,0.71207,0.87013,14.80816,1.04478,1,0,0.00000,6,4.62430,1,4.23500,1,0.00000,0,0.00000,0,0.00000,0,1,1,0,0.00000,0,,162.49788,355.67911,
16,calibration-verification-instructions,361,5.93064,450048964782,0.80070,0.49286,5.47055,0.46009,20,1,0.73505,0.48890,1,0.44940,0.00000,0,,0.36761,0.82463,19.15644,1.06249,1,0.70958,0.86913,16.10198,1.06249,1,0,0.00000,6,4.89339,1,4.16575,1,0.00000,0,0.00000,0,0.00000,0,1,1,0,0.00000,0,,95.82934,0.37668,
16,calibration-verification-instructions,381,6.25878,450052246097,0.75886,0.52241,5.94742,0.31136,21,1,0.78731,0.53826,1,0.44940,0.00000,0,,0.36953,0.82508,20.00938,0.97879,1,0.71153,0.86895,16.98127,0.97879,1,0,0.00000,6,5.10575,1,4.40779,1,0.00000,0,0.00000,0,0.00000,0,1,1,0,0.00000,0,,76.83466,203.81728,
16,calibration-verification-instructions,410,6.73651,450057023475,0.78055,0.51327,6.27538,0.46113,22,1,0.63386,0.55072,1,0.44940,0.00000,0,,0.36156,0.82651,19.71803,0.99456,1,0.70243,0.86974,15.74071,0.99456,1,0,0.00000,6,5.28046,1,4.22841,1,0.00000,0,0.00000,0,0.00000,0,1,1,0,0.00000,0,,37.68179,14.75482,
16,calibration-verification-instructions,430,7.06437,450060302037,0.30147,0.68229,6.80393,0.26044,23,1,0.24142,0.70075,1,0.44940,0.00000,0,,0.34707,0.83168,19.03938,0.96848,1,0.68987,0.87484,17.57771,0.97616,1,0,0.00000,6,4.90498,1,4.56785,1,0.00000,0,0.00000,0,0.00000,0,1,1,0,0.00000,0,,824.18842,192.43477,
16,calibration-verification-instructions,458,7.52511,450064909470,0.24796,0.66292,7.08091,0.44420,24,1,0.24482,0.69077,0,0.44940,0.00000,0,,0.34695,0.83282,16.79432,1.06249,0,0.68941,0.87453,15.93333,1.06249,0,13,0.00000,6,4.44098,0,4.09095,0,0.00000,0,0.00000,0,0.00000,0,1,1,0,0.00000,0,,92.16881,167.25183,
16,calibration-verification-instructions,496,8.14971,450071155452,0.66182,0.65631,7.88613,0.26359,25,1,0.74345,0.63586,1,0.44940,0.00000,0,,0.36691,0.82928,17.85693,1.01815,1,0.70918,0.87384,13.68095,1.02693,1,0,0.00000,7,4.53803,1,3.86300,1,0.00000,0,0.00000,0,0.00000,0,1,1,0,0.00000,0,,695.31934,0.57192,
16,calibration-verification-instructions,504,8.28044,450072462797,0.73920,0.62124,8.16562,0.11482,26,1,0.72766,0.59680,1,0.44940,0.00000,0,,0.36506,0.82704,17.31958,1.03585,1,0.70740,0.87175,13.68890,1.02707,1,0,0.00000,7,4.60627,1,3.66242,1,0.00000,0,0.00000,0,0.00000,0,1,1,0,0.00000,0,,135.11314,15.81538,
17,calibration-verification-image,4,0.06739,450073302198,0.64633,0.52393,0.00000,0.06739,1,1,0.42227,0.33357,1,0.44940,0.00000,0,,0.35175,0.81838,16.49113,0.97754,1,0.69330,0.86127,14.15335,0.96986,1,0,0.00000,7,4.44031,1,4.09675,1,0.00000,0,0.00000,0,0.00000,0,1,1,0,0.00000,0,,186.50085,146.78000,
17,calibration-verification-image,23,0.37795,450076407709,0.39378,0.27071,0.13336,0.24459,2,1,0.29059,0.21814,1,0.44940,0.00000,0,,0.34500,0.81750,17.36236,1.03585,1,0.68566,0.85960,16.19390,1.02707,1,0,0.00000,7,4.72239,1,4.19058,1,0.00000,0,0.00000,0,0.00000,0,1,1,0,0.00000,0,,500.70908,147.92635,
17,calibration-verification-image,55,0.90335,450081661739,0.29258,0.23123,0.39491,0.50845,3,1,0.46248,0.18612,1,0.44940,0.00000,0,,0.35281,0.81450,19.11659,1.04839,1,0.69420,0.85732,17.03782,1.04839,1,0,0.00000,7,5.10969,1,4.45975,1,0.00000,0,0.00000,0,0.00000,0,1,1,0,0.00000,0,,174.99677,166.29727,
17,calibration-verification-image,81,1.33050,450085933265,0.49708,0.24037,0.96877,0.36172,4,1,0.50761,0.23504,1,0.44940,0.00000,0,,0.35531,0.81381,20.16620,1.03600,1,0.69724,0.85835,18.82385,1.04478,1,0,0.00000,7,5.63933,1,4.68690,1,0.00000,0,0.00000,0,0.00000,0,1,1,0,0.00000,0,,343.69400,358.39990,
17,calibration-verification-image,119,1.95465,450092174765,0.50824,0.22934,1.34679,0.60786,5,1,0.52970,0.19125,1,0.44940,0.00000,0,,0.35530,0.81392,21.09179,1.02678,1,0.69763,0.85753,19.79393,1.02678,1,0,0.00000,7,5.77729,1,4.84512,1,0.00000,0,0.00000,0,0.00000,0,1,1,0,0.00000,0,,22.03742,31.70446,
17,calibration-verification-image,143,2.34901,450096118318,0.52557,0.21068,1.97093,0.37808,6,1,0.70926,0.24356,1,0.44940,0.00000,0,,0.36478,0.81547,22.05935,1.02737,1,0.70597,0.85918,19.37588,1.02737,1,0,0.00000,7,5.95467,1,5.08300,1,0.00000,0,0.00000,0,0.00000,0,1,1,0,0.00000,0,,35.09321,33.93925,
17,calibration-verification-image,171,2.80914,450100719625,0.75423,0.29253,2.41571,0.39342,7,1,0.76295,0.28364,1,0.44940,0.00000,0,,0.36714,0.81519,22.36022,0.98771,1,0.70859,0.85937,19.22837,0.98771,1,0,0.00000,7,6.02608,1,5.13535,1,0.00000,0,0.00000,0,0.00000,0,1,1,0,0.00000,0,,393.64508,347.38934,
17,calibration-verification-image,187,3.07160,450103344209,0.74973,0.22997,2.82668,0.24491,8,1,0.73838,0.16438,1,0.44940,0.00000,0,,0.36669,0.81512,22.78209,1.05356,1,0.70824,0.85962,19.66542,1.05356,1,0,0.00000,7,6.02435,1,5.15556,1,0.00000,0,0.00000,0,0.00000,0,1,1,0,0.00000,0,,66.12161,96.56531,
17,calibration-verification-image,203,3.33453,450105973521,0.71153,0.28106,3.08897,0.24556,9,1,0.32107,0.42673,1,0.44940,0.00000,0,,0.34846,0.82259,22.59486,1.01800,1,0.68950,0.86548,19.72417,1.00922,1,0,0.00000,7,6.24170,1,5.62819,1,0.00000,0,0.00000,0,0.00000,0,1,1,0,0.00000,0,,83.64377,219.89220,
17,calibration-verification-image,253,4.15797,450114207907,0.23910,0.42932,3.40257,0.75539,10,1,0.26392,0.45672,1,0.44940,0.00000,0,,0.34643,0.82489,20.86484,0.99553,1,0.68899,0.86809,17.73182,0.97906,1,0,0.00000,7,5.50444,1,4.68286,1,0.00000,0,0.00000,0,0.00000,0,1,1,0,0.00000,0,,808.80524,191.09712,
17,calibration-verification-image,287,4.71417,450119769992,0.49974,0.42890,4.22152,0.49265,11,1,0.51213,0.53640,1,0.44940,0.00000,0,,0.35696,0.82375,22.18861,0.96093,1,0.69915,0.86651,17.73430,0.96093,1,0,0.00000,7,5.60492,1,4.57067,1,0.00000,0,0.00000,0,0.00000,0,1,1,0,0.00000,0,,437.87546,0.05771,
17,calibration-verification-image,306,5.03319,450122960110,0.50677,0.46268,4.73041,0.30278,12,1,0.51461,0.37681,1,0.44940,0.00000,0,,0.35787,0.82408,22.25163,1.10370,1,0.70012,0.86681,17.21402,1.10370,1,0,0.00000,7,5.63694,1,4.67670,1,0.00000,0,0.00000,0,0.00000,0,1,1,0,0.00000,0,,37.38364,288.41656,
17,calibration-verification-image,324,5.32231,450125851364,0.51523,0.45573,5.04521,0.27710,13,1,0.51730,0.44868,1,0.44940,0.00000,0,,0.35772,0.82433,22.46540,1.00922,1,0.70004,0.86685,17.12072,1.01799,1,0,0.00000,7,5.72828,1,4.74715,1,0.00000,0,0.00000,0,0.00000,0,1,1,0,0.00000,0,,15.97682,27.17813,
17,calibration-verification-image,338,5.55253,450128153552,0.62876,0.46706,5.33863,0.21390,14,1,0.75259,0.42984,1,0.44940,0.00000,0,,0.36867,0.82411,23.74386,1.06249,1,0.71076,0.86834,18.27436,1.06249,1,0,0.00000,7,5.89768,1,4.72331,1,0.00000,0,0.00000,0,0.00000,0,1,1,0,0.00000,0,,191.10100,356.43088,
17,calibration-verification-image,380,6.24213,450135049541,0.76111,0.49136,5.56896,0.67316,15,1,0.62920,0.46097,1,0.44940,0.00000,0,,0.36463,0.82697,24.12586,1.04463,1,0.70693,0.86996,18.86378,1.04463,1,0,0.00000,7,6.43632,1,5.03546,1,0.00000,0,0.00000,0,0.00000,0,1,1,0,0.00000,0,,223.80719,353.45380,
17,calibration-verification-image,400,6.57055,450138333765,0.26649,0.67996,6.30789,0.26266,16,1,0.21714,0.68272,1,0.44940,0.00000,0,,0.34747,0.83353,23.37502,1.06730,1,0.68922,0.87655,19.55753,1.06730,1,0,0.00000,7,6.07866,1,5.46365,1,0.00000,0,0.00000,0,0.00000,0,1,1,0,0.00000,0,,854.23242,193.40437,
17,calibration-verification-image,424,6.96562,450142284513,0.23673,0.70313,6.58727,0.37835,17,1,0.28058,0.87119,0,0.44940,0.00000,0,,0.34765,0.84309,14.01420,0.99165,0,0.68974,0.88171,15.39592,0.99165,0,14,0.00000,7,5.20294,0,4.95951,0,0.00000,0,0.00000,0,0.00000,0,1,1,0,0.00000,0,,55.60178,205.94759,
17,calibration-verification-image,494,8.11487,450153776953,0.50772,0.68752,7.22842,0.88644,18,1,0.68753,0.65457,1,0.44940,0.00000,0,,0.36695,0.83166,22.40204,1.05371,1,0.70915,0.87682,17.81570,1.04493,1,0,0.00000,8,5.68647,1,4.54706,1,0.00000,0,0.00000,0,0.00000,0,1,1,0,0.00000,0,,455.55817,2.06188,
17,calibration-verification-image,518,8.50965,450157724802,0.75826,0.69440,8.18217,0.32748,19,1,0.78596,0.68914,1,0.44940,0.00000,0,,0.37170,0.83313,23.37901,1.05371,1,0.71479,0.87847,18.16015,1.04493,1,0,0.00000,8,5.87974,1,4.76676,1,0.00000,0,0.00000,0,0.00000,0,1,1,0,0.00000,0,,420.96921,359.01675,
17,calibration-verification-image,547,8.98732,450162501451,0.76906,0.73012,8.52753,0.45979,20,1,0.75577,0.72870,1,0.44940,0.00000,0,,0.37192,0.83301,24.08356,1.01063,1,0.71527,0.87901,18.74240,1.01063,1,0,0.00000,8,5.99329,1,4.88198,1,0.00000,0,0.00000,0,0.00000,0,1,1,0,0.00000,0,,41.66419,295.81604,
20,page4-instructions-part2,19,0.31732,450165823090,0.76454,0.72248,0.00000,0.31732,1,1,0.60871,0.58150,1,0.44940,0.00000,0,,0.36568,0.82791,23.97038,1.01844,1,0.70807,0.87261,18.29849,1.01844,1,0,0.00000,8,6.33660,1,5.21504,1,0.00000,0,0.00000,0,0.00000,0,1,1,0,0.00000,0,,11.04605,133.42874,
20,page4-instructions-part2,35,0.57539,450168403708,0.40805,0.34332,0.37788,0.19751,2,1,0.34430,0.17502,1,0.44940,0.00000,0,,0.35252,0.81541,19.11871,1.00334,1,0.69294,0.86079,17.17978,1.00334,1,0,0.00000,8,5.22936,1,4.61151,1,0.00000,0,0.00000,0,0.00000,0,1,1,0,0.00000,0,,719.15442,146.38623,
20,page4-instructions-part2,54,0.88904,450171540270,0.24073,0.05306,0.64106,0.24798,3,1,0.19481,0.02644,1,0.44940,0.00000,0,,0.34586,0.81187,16.46458,0.99165,1,0.68695,0.85682,13.58030,0.99165,1,0,0.00000,8,5.28421,1,4.88600,1,0.00000,0,0.00000,0,0.00000,0,1,1,0,0.00000,0,,414.61118,132.68590,
20,page4-instructions-part2,68,1.11955,450173845360,0.32642,-0.00384,0.90564,0.21391,4,1,0.36054,-0.06034,1,0.44940,0.00000,0,,0.35348,0.81085,15.67110,1.02677,1,0.69324,0.85452,12.89561,1.02677,1,0,0.00000,8,5.00900,1,4.48236,1,0.00000,0,0.00000,0,0.00000,0,1,1,0,0.00000,0,,155.86444,22.53910,
20,page4-instructions-part2,85,1.40078,450176657646,0.40491,-0.03053,1.13524,0.26554,5,1,0.41098,0.02053,1,0.44940,0.00000,0,,0.35517,0.81029,18.11627,0.96985,1,0.69547,0.85275,14.37306,0.96985,1,0,0.00000,8,5.33250,1,4.88059,1,0.00000,0,0.00000,0,0.00000,0,1,1,0,0.00000,0,,134.80826,11.99839,
20,page4-instructions-part2,111,1.82426,450180892515,0.22285,0.02040,1.46211,0.36215,6,1,0.33280,0.01051,1,0.44940,0.00000,0,,0.35287,0.81043,19.72347,0.99165,1,0.69321,0.85523,16.01844,0.99165,1,0,0.00000,8,5.18608,1,4.72759,1,0.00000,0,0.00000,0,0.00000,0,1,1,0,0.00000,0,,310.50049,189.91731,
20,page4-instructions-part2,126,2.06979,450183347747,0.40097,-0.02168,1.84016,0.22963,7,1,0.57399,-0.06369,1,0.44940,0.00000,0,,0.36365,0.81122,20.10931,1.05371,1,0.70378,0.85741,15.89465,1.04493,1,0,0.00000,8,5.16627,1,4.93502,1,0.00000,0,0.00000,0,0.00000,0,1,1,0,0.00000,0,,302.48599,8.39922,
20,page4-instructions-part2,144,2.36579,450186307770,0.66097,0.00320,2.13612,0.22968,8,1,0.73258,0.03539,1,0.44940,0.00000,0,,0.37092,0.81185,19.86781,0.96092,1,0.71155,0.85870,16.11765,0.96092,1,0,0.00000,8,5.36872,1,4.99487,1,0.00000,0,0.00000,0,0.00000,0,1,1,0,0.00000,0,,437.58044,356.57736,
20,page4-instructions-part2,162,2.66134,450189263271,0.76885,0.06466,2.38285,0.27849,9,1,0.77109,0.10126,1,0.44940,0.00000,0,,0.37250,0.81222,20.62969,0.91819,1,0.71272,0.85835,16.06380,0.91819,1,0,0.00000,8,5.53183,1,5.29405,1,0.00000,0,0.00000,0,0.00000,0,1,1,0,0.00000,0,,192.38480,340.40088,
20,page4-instructions-part2,168,2.75998,450190249659,0.77558,0.11467,2.67782,0.08216,10,1,0.77678,0.15236,0,0.44940,0.00000,0,,0.37209,0.81332,20.70263,0.99165,0,0.71218,0.85930,17.11056,0.99165,0,0,0.00000,8,5.23502,0,5.17423,0,0.00000,0,0.00000,0,0.00000,0,1,1,0,0.00000,0,,53.71392,282.15112,
20,page4-instructions-part2,200,3.28550,450195504860,0.55383,0.13832,3.02752,0.25798,11,1,0.46228,0.18478,1,0.44940,0.00000,0,,0.35644,0.81471,20.92658,0.96822,1,0.69744,0.85939,18.52359,0.96822,1,0,0.00000,9,5.56779,1,4.79746,1,0.00000,0,0.00000,0,0.00000,0,1,1,0,0.00000,0,,373.36664,183.81354,
20,page4-instructions-part2,226,3.71231,450199772997,0.44476,0.12432,3.30193,0.41038,12,1,0.40983,0.07810,1,0.44940,0.00000,0,,0.35541,0.81341,20.05260,1.02677,1,0.69670,0.85868,17.61556,1.02677,1,0,0.00000,9,5.29196,1,4.56918,1,0.00000,0,0.00000,0,0.00000,0,1,1,0,0.00000,0,,183.82637,175.41335,
20,page4-instructions-part2,242,3.97624,450202412254,0.42744,0.15063,3.72874,0.24750,13,1,0.19137,0.22594,1,0.44940,0.00000,0,,0.34649,0.81876,20.41989,1.02677,1,0.68750,0.86358,18.37941,1.03690,1,0,0.00000,9,5.28148,1,4.75853,1,0.00000,0,0.00000,0,0.00000,0,1,1,0,0.00000,0,,40.12279,223.51338,
20,page4-instructions-part2,269,4.41904,450206840250,0.17081,0.30486,4.04118,0.37786,14,1,0.22880,0.28874,1,0.44940,0.00000,0,,0.34842,0.81922,20.02673,1.01799,1,0.69022,0.86396,17.69786,1.01799,1,0,0.00000,9,5.31435,1,4.48382,1,0.00000,0,0.00000,0,0.00000,0,1,1,0,0.00000,0,,460.54898,200.58687,
20,page4-instructions-part2,284,4.66588,450209308660,0.30387,0.28532,4.43544,0.23044,15,1,0.37520,0.20852,1,0.44940,0.00000,0,,0.35535,0.81804,19.66390,1.05371,1,0.69686,0.86411,16.04912,1.06249,1,0,0.00000,9,4.95582,1,4.30192,1,0.00000,0,0.00000,0,0.00000,0,1,1,0,0.00000,0,,224.48036,5.24402,
20,page4-instructions-part2,302,4.96255,450212275345,0.41219,0.20058,4.68153,0.28102,16,1,0.45361,0.18578,1,0.44940,0.00000,0,,0.36066,0.81885,19.15212,1.02692,1,0.70216,0.86485,15.21326,1.03570,1,0,0.00000,9,4.87285,1,4.62563,1,0.00000,0,0.00000,0,0.00000,0,1,1,0,0.00000,0,,202.56544,26.05609,
20,page4-instructions-part2,319,5.24144,450215064235,0.51562,0.21272,4.97813,0.26331,17,1,0.68668,0.22694,1,0.44940,0.00000,0,,0.36865,0.81962,18.83653,1.04493,1,0.70943,0.86672,15.46673,1.03615,1,0,0.00000,9,5.06539,1,4.38454,1,0.00000,0,0.00000,0,0.00000,0,1,1,0,0.00000,0,,174.22932,355.80435,
20,page4-instructions-part2,340,5.58584,450218508267,0.68735,0.26951,5.30637,0.27947,18,1,0.76016,0.27551,1,0.44940,0.00000,0,,0.37301,0.81916,19.89250,0.98384,1,0.71385,0.86535,16.48662,0.98384,1,0,0.00000,9,5.16718,1,4.79187,1,0.00000,0,0.00000,0,0.00000,0,1,1,0,0.00000,0,,294.60413,348.32233,
20,page4-instructions-part2,360,5.91422,450221792013,0.80263,0.25410,5.60181,0.31241,19,1,0.88837,0.25447,1,0.44940,0.00000,0,,0.37728,0.81940,19.94136,1.01799,1,0.71806,0.86657,15.70486,1.00921,1,0,0.00000,9,5.00790,1,4.97906,1,0.00000,0,0.00000,0,0.00000,0,1,1,0,0.00000,0,,194.34526,4.77578,
20,page4-instructions-part2,390,6.40716,450226721449,0.85839,0.31117,5.93066,0.47649,20,1,0.45721,0.31754,1,0.44940,0.00000,0,,0.35800,0.82034,19.35499,0.99524,1,0.69889,0.86526,16.29520,1.01171,1,0,0.00000,8,5.17638,1,4.40227,1,0.00000,0,0.00000,0,0.00000,0,1,1,0,0.00000,0,,111.20325,327.39362,
20,page4-instructions-part2,407,6.68618,450229511657,0.20646,0.34336,6.47278,0.21340,21,1,0.13841,0.39568,1,0.44940,0.00000,0,,0.34493,0.82216,19.92261,1.00334,1,0.68657,0.86710,17.65826,1.00334,1,0,0.00000,8,5.25388,1,4.59047,1,0.00000,0,0.00000,0,0.00000,0,1,1,0,0.00000,0,,1095.76379,181.76761,
20,page4-instructions-part2,428,7.03123,450232962128,0.15132,0.37073,6.70283,0.32840,22,1,0.19538,0.29332,1,0.44940,0.00000,0,,0.34874,0.82195,19.54590,1.06918,1,0.69114,0.86716,17.08981,1.06918,1,0,0.00000,8,5.08281,1,4.36133,1,0.00000,0,0.00000,0,0.00000,0,1,1,0,0.00000,0,,96.99062,197.23561,
20,page4-instructions-part2,454,7.45904,450237240238,0.32029,0.32307,7.09727,0.36177,23,1,0.46274,0.27934,1,0.44940,0.00000,0,,0.36025,0.82159,18.21177,1.03600,1,0.70194,0.86794,15.17157,1.02722,1,0,0.00000,8,4.72348,1,4.04005,1,0.00000,0,0.00000,0,0.00000,0,1,1,0,0.00000,0,,288.24689,9.99788,
20,page4-instructions-part2,470,7.72086,450239858550,0.47931,0.27148,7.52677,0.19409,24,1,0.48140,0.28111,0,0.44940,0.00000,0,,0.36002,0.82356,16.61335,1.02677,0,0.70232,0.86917,14.88926,1.02677,0,16,0.00000,8,4.60476,0,4.12657,0,0.00000,0,0.00000,0,0.00000,0,1,1,0,0.00000,0,,272.59009,11.46220,
20,page4-instructions-part2,502,8.24697,450245119587,0.65651,0.31480,7.98389,0.26308,25,1,0.69560,0.28770,1,0.44940,0.00000,0,,0.36755,0.82197,18.04254,1.01844,1,0.70900,0.86890,13.59367,1.01844,1,0,0.00000,9,4.60678,1,4.14195,1,0.00000,0,0.00000,0,0.00000,0,1,1,0,0.00000,0,,301.15091,351.31277,
20,page4-instructions-part2,522,8.57549,450248404789,0.72480,0.31850,8.26348,0.31201,26,1,0.75695,0.29910,1,0.44940,0.00000,0,,0.37010,0.82258,17.90092,1.05371,1,0.71127,0.86922,13.86376,1.04493,1,0,0.00000,9,4.77073,1,4.59129,1,0.00000,0,0.00000,0,0.00000,0,1,1,0,0.00000,0,,114.79294,358.06055,
20,page4-instructions-part2,540,8.87106,450251360394,0.80552,0.34253,8.59194,0.27911,27,1,0.85097,0.34076,1,0.44940,0.00000,0,,0.37433,0.82301,18.87571,0.99165,1,0.71550,0.86943,14.04752,0.99165,1,0,0.00000,9,4.72870,1,4.54163,1,0.00000,0,0.00000,0,0.00000,0,1,1,0,0.00000,0,,137.93694,349.46008,
20,page4-instructions-part2,567,9.31469,450255796699,0.89117,0.36729,8.88761,0.42708,28,1,0.91109,0.39969,1,0.44940,0.00000,0,,0.37850,0.82312,20.52839,0.97603,1,0.71931,0.87055,16.36159,0.97603,1,0,0.00000,9,5.14952,1,4.69739,1,0.00000,0,0.00000,0,0.00000,0,1,1,0,0.00000,0,,146.22185,349.75848,
20,page4-instructions-part2,602,9.88982,450261548129,0.91407,0.41189,9.33108,0.55875,29,1,0.82067,0.44123,1,0.44940,0.00000,0,,0.37358,0.82356,21.77440,0.96092,1,0.71480,0.87071,17.73088,0.96092,1,0,0.00000,9,5.92447,1,4.68157,1,0.00000,0,0.00000,0,0.00000,0,1,1,0,0.00000,0,,60.60643,309.40387,
20,page4-instructions-part2,625,10.26769,450265326752,0.14882,0.53718,10.00779,0.25990,30,1,0.10819,0.53667,1,0.44940,0.00000,0,,0.34341,0.82936,20.69893,0.99165,1,0.68534,0.87364,18.58686,0.99165,1,0,0.00000,9,5.38889,1,4.65955,1,0.00000,0,0.00000,0,0.00000,0,1,1,0,0.00000,0,,1292.33325,185.84261,
20,page4-instructions-part2,649,10.66398,450269289675,0.13382,0.53160,10.28411,0.37987,31,1,0.20518,0.56448,1,0.44940,0.00000,0,,0.34679,0.82941,18.60909,0.92967,1,0.68888,0.87440,15.96960,0.92967,1,0,0.00000,9,4.75880,1,4.14185,1,0.00000,0,0.00000,0,0.00000,0,1,1,0,0.00000,0,,25.87214,166.91124,
20,page4-instructions-part2,664,10.90809,450271730744,0.25187,0.49214,10.68021,0.22787,32,1,0.29356,0.44478,1,0.44940,0.00000,0,,0.35500,0.82811,18.50788,1.06690,1,0.69732,0.87376,15.79522,1.05813,1,0,0.00000,9,4.78536,1,4.03927,1,0.00000,0,0.00000,0,0.00000,0,1,1,0,0.00000,0,,202.60577,11.80026,
20,page4-instructions-part2,680,11.17126,450274362404,0.36325,0.49727,10.92474,0.24652,33,1,0.40525,0.49152,1,0.44940,0.00000,0,,0.35953,0.82838,19.05031,1.00936,1,0.70241,0.87435,16.13431,1.00936,1,0,0.00000,9,4.96718,1,4.11069,1,0.00000,0,0.00000,0,0.00000,0,1,1,0,0.00000,0,,187.19586,358.35110,
20,page4-instructions-part2,694,11.40116,450276661490,0.55394,0.47078,11.18745,0.21371,34,1,0.59138,0.51542,1,0.44940,0.00000,0,,0.36766,0.82768,18.61916,0.96822,1,0.70996,0.87502,15.28359,0.96822,1,0,0.00000,9,4.91761,1,3.92626,1,0.00000,0,0.00000,0,0.00000,0,1,1,0,0.00000,0,,321.56445,4.96214,
20,page4-instructions-part2,713,11.71297,450279779531,0.62715,0.49722,11.41778,0.29520,35,1,0.74097,0.53761,1,0.44940,0.00000,0,,0.37437,0.82972,19.09537,1.00058,1,0.71608,0.87632,15.38986,1.00058,1,0,0.00000,9,4.99294,1,4.10708,1,0.00000,0,0.00000,0,0.00000,0,1,1,0,0.00000,0,,126.08704,347.28030,
20,page4-instructions-part2,735,12.07471,450283397071,0.76864,0.51438,11.72941,0.34531,36,1,0.81667,0.52594,1,0.44940,0.00000,0,,0.37528,0.82937,19.53537,1.00951,1,0.71699,0.87515,15.10129,1.00951,1,0,0.00000,8,4.99443,1,4.28049,1,0.00000,0,0.00000,0,0.00000,0,1,1,0,0.00000,0,,238.38515,355.66525,
20,page4-instructions-part2,743,12.20612,450284711047,0.82528,0.48496,12.09122,0.11490,37,1,0.83121,0.48207,0,0.44940,0.00000,0,,0.37522,0.82954,19.69335,0.99165,0,0.71744,0.87574,15.66385,0.99165,0,17,0.00000,8,5.03470,0,4.30919,0,0.00000,0,0.00000,0,0.00000,0,1,1,0,0.00000,0,,100.04390,17.98540,
20,page4-instructions-part2,784,12.87934,450291443220,0.92311,0.53737,12.46983,0.40952,38,1,0.48142,0.53310,1,0.44940,0.00000,0,,0.36074,0.82852,17.21949,1.00307,1,0.70304,0.87369,14.64139,1.01076,1,0,0.00000,9,5.14642,1,4.33457,1,0.00000,0,0.00000,0,0.00000,0,1,1,0,0.00000,0,,173.32259,341.48798,
20,page4-instructions-part2,805,13.22477,450294897605,0.14586,0.57878,12.94530,0.27946,39,1,0.13029,0.61280,1,0.44940,0.00000,0,,0.34544,0.83247,19.35964,0.98577,1,0.68776,0.87705,17.86995,0.99455,1,0,0.00000,9,5.03562,1,4.42028,1,0.00000,0,0.00000,0,0.00000,0,1,1,0,0.00000,0,,1306.50378,181.90715,
20,page4-instructions-part2,821,13.48721,450297521932,0.19651,0.60463,13.24096,0.24625,40,1,0.20621,0.60129,1,0.44940,0.00000,0,,0.34920,0.83181,19.52646,0.96822,1,0.69182,0.87656,16.89179,0.96822,1,0,0.00000,9,5.03627,1,4.39283,1,0.00000,0,0.00000,0,0.00000,0,1,1,0,0.00000,0,,89.31611,342.30844,
20,page4-instructions-part2,843,13.84986,450301148414,0.44218,0.54692,13.55413,0.29573,41,1,0.50753,0.53293,1,0.44940,0.00000,0,,0.36399,0.83192,20.39942,1.05371,1,0.70652,0.87664,15.80070,1.04493,1,0,0.00000,9,5.09455,1,4.10992,1,0.00000,0,0.00000,0,0.00000,0,1,1,0,0.00000,0,,417.15015,8.35238,
20,page4-instructions-part2,857,14.07851,450303434987,0.58396,0.56796,13.86526,0.21326,42,1,0.71939,0.58968,1,0.44940,0.00000,0,,0.37311,0.83222,19.78864,0.96053,1,0.71472,0.87708,15.82450,0.96053,1,0,0.00000,9,5.30025,1,4.16183,1,0.00000,0,0.00000,0,0.00000,0,1,1,0,0.00000,0,,239.21269,354.70102,
20,page4-instructions-part2,876,14.39141,450306563990,0.71758,0.57293,14.09478,0.29663,43,1,0.79778,0.57895,1,0.44940,0.00000,0,,0.37527,0.83245,19.91929,0.99388,1,0.71707,0.87782,15.48493,0.99388,1,0,0.00000,9,5.06839,1,4.12551,1,0.00000,0,0.00000,0,0.00000,0,1,1,0,0.00000,0,,224.54227,358.66830,
20,page4-instructions-part2,895,14.70345,450309684429,0.82934,0.57852,14.40809,0.29536,44,1,0.87311,0.57760,1,0.44940,0.00000,0,,0.37878,0.83265,19.17850,1.02737,1,0.72049,0.87877,15.03505,1.02737,1,0,0.00000,9,4.79897,1,4.14910,1,0.00000,0,0.00000,0,0.00000,0,1,1,0,0.00000,0,,187.84842,358.20944,
20,page4-instructions-part2,919,15.09757,450313625629,0.67272,0.56294,14.76954,0.32803,45,1,0.37569,0.68756,1,0.44940,0.00000,0,,0.35915,0.83555,18.75075,1.03570,1,0.70122,0.88066,15.90474,1.03570,1,0,0.00000,9,5.12136,1,4.40216,1,0.00000,0,0.00000,0,0.00000,0,1,1,0,0.00000,0,,263.62952,176.44234,
20,page4-instructions-part2,940,15.44233,450317073221,0.17069,0.76579,15.16302,0.27931,46,1,0.12788,0.80248,1,0.44940,0.00000,0,,0.34732,0.83920,20.20820,0.96040,1,0.68994,0.88405,17.68496,0.96040,1,0,0.00000,9,5.33816,1,4.56359,1,0.00000,0,0.00000,0,0.00000,0,1,1,0,0.00000,0,,869.88916,194.17299,
20,page4-instructions-part2,954,15.67242,450319374078,0.26231,0.76098,15.45916,0.21326,47,1,0.40284,0.75587,1,0.44940,0.00000,0,,0.35776,0.83854,19.50297,1.01056,1,0.69993,0.88256,15.35788,1.02947,1,0,0.00000,9,5.02510,1,4.26875,1,0.00000,0,0.00000,0,0.00000,0,1,1,0,0.00000,0,,154.00444,1.87932,
20,page4-instructions-part2,982,16.13320,450323981856,0.42230,0.72653,15.68885,0.44435,48,1,0.63632,0.76006,1,0.44940,0.00000,0,,0.36718,0.83724,19.50700,1.01814,1,0.70942,0.88275,15.32840,1.00936,1,0,0.00000,9,4.86653,1,3.86610,1,0.00000,0,0.00000,0,0.00000,0,1,1,0,0.00000,0,,271.20630,7.66474,
20,page4-instructions-part2,999,16.41149,450326764758,0.72413,0.73451,16.19903,0.21246,49,1,0.82689,0.73580,1,0.44940,0.00000,0,,0.37519,0.83806,19.71759,1.06248,1,0.71751,0.88329,16.33480,1.06248,1,0,0.00000,9,5.17275,1,4.18945,1,0.00000,0,0.00000,0,0.00000,0,1,1,0,0.00000,0,,507.14355,359.05331,
20,page4-instructions-part2,1013,16.64176,450329067411,0.89287,0.76405,16.42809,0.21367,50,1,0.95864,0.77183,1,0.44940,0.00000,0,,0.38059,0.83768,20.16728,0.98397,1,0.72239,0.88405,16.15164,0.98397,1,0,0.00000,9,5.14041,1,4.15264,1,0.00000,0,0.00000,0,0.00000,0,1,1,0,0.00000,0,,285.17508,353.75589,
20,page4-instructions-part2,1026,16.85494,450331199352,0.74850,0.79466,16.65798,0.19696,51,1,0.59074,0.75845,1,0.44940,0.00000,0,,0.36713,0.84099,20.96334,1.02737,1,0.71025,0.88569,16.78929,1.02737,1,0,0.00000,9,5.17108,1,4.29594,1,0.00000,0,0.00000,0,0.00000,0,1,1,0,0.00000,0,,244.66191,187.54858,
20,page4-instructions-part2,1038,17.05241,450333173865,0.52989,0.81790,16.92098,0.13142,52,1,0.50250,0.83649,1,0.44940,0.00000,0,,0.36415,0.84119,21.69258,1.06248,1,0.70666,0.88691,18.03037,1.06248,1,0,0.00000,9,5.41395,1,4.54610,1,0.00000,0,0.00000,0,0.00000,0,1,1,0,0.00000,0,,368.07452,183.80130,
15,page4,9,0.14803,450334830872,0.50925,0.79110,0.00000,0.14803,1,1,0.47039,0.47945,1,0.44940,0.00000,0,,0.36199,0.82794,20.34892,1.02677,1,0.70265,0.87381,17.62888,1.02677,1,0,0.00000,9,5.56157,1,4.76472,1,0.00000,0,0.00000,0,0.00000,0,1,1,0,0.00000,0,,44.65679,140.93967,
15,page4,26,0.42587,450337609393,0.43576,0.33020,0.21278,0.21309,2,1,0.38955,0.24595,1,0.44940,0.00000,0,,0.35736,0.81932,20.25846,1.00951,1,0.69833,0.86516,17.97965,1.00951,1,0,0.00000,9,5.36407,1,4.61558,1,0.00000,0,0.00000,0,0.00000,0,1,1,0,0.00000,0,,499.44565,104.31191,
15,page4,43,0.70561,450340406694,0.36370,0.23646,0.44284,0.26277,3,1,0.34575,0.21025,1,0.44940,0.00000,0,,0.35435,0.82035,19.97553,1.00936,1,0.69567,0.86550,17.24507,1.00058,1,0,0.00000,9,5.18922,1,4.59778,1,0.00000,0,0.00000,0,0.00000,0,1,1,0,0.00000,0,,156.02431,140.88759,
15,page4,72,1.18285,450345179122,0.36494,0.23163,0.72290,0.45995,4,1,0.40637,0.20708,1,0.44940,0.00000,0,,0.35707,0.82027,19.58797,1.02677,1,0.69818,0.86533,17.37303,1.02677,1,0,0.00000,9,5.02711,1,4.47990,1,0.00000,0,0.00000,0,0.00000,0,1,1,0,0.00000,0,,5.48268,67.66891,
15,page4,102,1.67668,450350117369,0.41821,0.21357,1.19850,0.47818,5,1,0.34531,0.26781,1,0.44940,0.00000,0,,0.35478,0.81999,20.49121,1.01844,1,0.69624,0.86498,18.85242,1.01844,1,0,0.00000,8,5.61955,1,4.87117,1,0.00000,0,0.00000,0,0.00000,0,1,1,0,0.00000,0,,91.48059,11.96358,
15,page4,146,2.39742,450357324753,0.33379,0.26712,1.69508,0.70233,6,1,0.31723,0.21750,1,0.44940,0.00000,0,,0.35259,0.82098,21.30771,1.03604,1,0.69438,0.86543,18.77720,1.03604,1,0,0.00000,8,5.79270,1,4.92878,1,0.00000,0,0.00000,0,0.00000,0,1,1,0,0.00000,0,,152.56482,201.62613,
15,page4,165,2.71161,450360466711,0.33974,0.22410,2.41405,0.29756,7,1,0.47328,0.18860,1,0.44940,0.00000,0,,0.35900,0.81892,21.55914,1.06729,1,0.70039,0.86447,18.75075,1.06729,1,0,0.00000,8,6.28298,1,5.12411,1,0.00000,0,0.00000,0,0.00000,0,1,1,0,0.00000,0,,46.26382,77.52201,
15,page4,195,3.20216,450365372237,0.56054,0.22328,2.77650,0.42566,8,1,0.56839,0.14897,1,0.44940,0.00000,0,,0.36383,0.81793,21.40086,1.03600,1,0.70519,0.86365,19.34799,1.04478,1,0,0.00000,8,5.96033,1,4.98360,1,0.00000,0,0.00000,0,0.00000,0,1,1,0,0.00000,0,,370.94501,0.13299,
15,page4,202,3.31757,450366526344,0.55711,0.18531,3.21884,0.09872,9,1,0.55538,0.19053,0,0.44940,0.00000,0,,0.36329,0.82032,19.69567,1.06248,0,0.70466,0.86548,17.63765,1.06248,0,18,0.00000,8,5.75954,0,4.73855,0,0.00000,0,0.00000,0,0.00000,0,1,1,0,0.00000,0,,40.28278,98.22428,
15,page4,240,3.94193,450372769899,0.56501,0.21056,3.53146,0.41046,10,1,0.55859,0.24251,1,0.44940,0.00000,0,,0.36503,0.81860,21.74322,0.99165,1,0.70653,0.86443,19.18362,0.99165,1,0,0.00000,9,5.83746,1,4.73795,1,0.00000,0,0.00000,0,0.00000,0,1,1,0,0.00000,0,,29.64891,296.59222,
15,page4,272,4.46741,450378024746,0.56182,0.20253,3.95837,0.50903,11,1,0.30164,0.26789,1,0.44940,0.00000,0,,0.35532,0.82240,21.39357,1.01056,1,0.69670,0.86688,19.00465,1.02947,1,0,0.00000,9,5.69198,1,4.93408,1,0.00000,0,0.00000,0,0.00000,0,1,1,0,0.00000,0,,9.99059,122.44096,
15,page4,309,5.07542,450384104859,0.30683,0.31436,4.53294,0.54248,12,1,0.32231,0.26113,1,0.44940,0.00000,0,,0.35329,0.82187,21.09434,1.03570,1,0.69577,0.86644,18.05927,1.03570,1,0,0.00000,9,5.73746,1,4.78003,1,0.00000,0,0.00000,0,0.00000,0,1,1,0,0.00000,0,,444.18460,195.32851,
15,page4,336,5.52071,450388557642,0.32209,0.27327,5.09390,0.42680,13,1,0.31554,0.27132,1,0.44940,0.00000,0,,0.35494,0.82195,21.83868,1.04492,1,0.69727,0.86707,18.63955,1.03614,1,0,0.00000,9,5.86816,1,4.75447,1,0.00000,0,0.00000,0,0.00000,0,1,1,0,0.00000,0,,50.18661,59.28085,
15,page4,364,5.97849,450393135450,0.34119,0.27647,5.53691,0.44157,14,1,0.37043,0.29188,1,0.44940,0.00000,0,,0.35729,0.82267,21.11847,1.02677,1,0.69891,0.86802,18.08297,1.01799,1,0,0.00000,9,5.70902,1,4.68629,1,0.00000,0,0.00000,0,0.00000,0,1,1,0,0.00000,0,,32.26345,354.02219,
15,page4,401,6.58623,450399212932,0.36630,0.27797,5.99509,0.59114,15,1,0.39757,0.32217,1,0.44940,0.00000,0,,0.35840,0.82156,22.02427,1.01114,1,0.70028,0.86709,18.82070,1.01114,1,0,0.00000,9,5.98357,1,4.99830,1,0.00000,0,0.00000,0,0.00000,0,1,1,0,0.00000,0,,42.21415,357.86185,
15,page4,416,6.83266,450401677264,0.48304,0.28452,6.60310,0.22955,16,1,0.64883,0.28177,1,0.44940,0.00000,0,,0.36813,0.82245,23.13577,1.03011,1,0.70932,0.86734,18.46407,1.03011,1,0,0.00000,9,6.14899,1,5.04995,1,0.00000,0,0.00000,0,0.00000,0,1,1,0,0.00000,0,,196.24377,357.99161,
15,page4,456,7.48999,450408250516,0.62757,0.28135,6.89854,0.59145,17,1,0.62269,0.21836,1,0.44940,0.00000,0,,0.36890,0.82154,21.82731,1.06857,1,0.71044,0.86718,18.41640,1.06857,1,0,0.00000,9,5.94497,1,4.71915,1,0.00000,0,0.00000,0,0.00000,0,1,1,0,0.00000,0,,242.83311,0.78538,
15,page4,507,8.32768,450416627395,0.61498,0.27663,7.50606,0.82162,18,1,0.60990,0.34329,1,0.44940,0.00000,0,,0.36940,0.82149,22.66188,0.96985,1,0.71160,0.86766,18.75744,0.96985,1,0,0.00000,8,6.20376,1,4.96461,1,0.00000,0,0.00000,0,0.00000,0,1,1,0,0.00000,0,,21.72399,166.81282,
15,page4,528,8.67390,450420089733,0.59974,0.29129,8.34389,0.33002,19,1,0.42602,0.29878,1,0.44940,0.00000,0,,0.36192,0.82181,22.26173,1.02736,1,0.70370,0.86826,19.13750,1.02736,1,0,0.00000,8,6.25411,1,5.27289,1,0.00000,0,0.00000,0,0.00000,0,1,1,0,0.00000,0,,29.87415,211.01488,
15,page4,550,9.03517,450423702407,0.34133,0.30625,8.73874,0.29643,20,1,0.32167,0.34421,1,0.44940,0.00000,0,,0.35413,0.82479,22.39167,0.98674,1,0.69655,0.86882,18.95199,0.98674,1,0,0.00000,8,6.10120,1,5.12096,1,0.00000,0,0.00000,0,0.00000,0,1,1,0,0.00000,0,,434.41293,182.07222,
15,page4,569,9.34906,450426841196,0.32034,0.29434,9.05128,0.29778,21,1,0.33668,0.26552,1,0.44940,0.00000,0,,0.35488,0.82358,20.33788,1.06248,1,0.69694,0.86863,17.46189,1.06248,1,0,0.00000,8,5.41986,1,4.43774,1,0.00000,0,0.00000,0,0.00000,0,1,1,0,0.00000,0,,37.41496,160.47382,
15,page4,594,9.75964,450430947007,0.36959,0.27039,9.36549,0.39415,22,1,0.39994,0.44723,1,0.44940,0.00000,0,,0.35924,0.82694,15.86972,1.07381,1,0.70117,0.87076,15.43154,1.08394,1,0,0.00000,8,4.80341,1,3.89812,1,0.00000,0,0.00000,0,0.00000,0,1,1,0,0.00000,0,,86.47718,16.90581,
15,page4,636,10.44969,450437847491,0.40080,0.29473,10.02095,0.42874,23,1,0.33237,0.25589,1,0.44940,0.00000,0,,0.35586,0.82329,19.04284,1.05355,1,0.69803,0.86899,16.39685,1.05355,1,0,0.00000,9,4.87530,1,4.23289,1,0.00000,0,0.00000,0,0.00000,0,1,1,0,0.00000,0,,58.32975,334.01428,
15,page4,655,10.76050,450440955616,0.36987,0.28008,10.46388,0.29662,24,1,0.57952,0.24671,1,0.44940,0.00000,0,,0.36774,0.82276,18.93162,1.03614,1,0.70924,0.86933,16.19323,1.02736,1,0,0.00000,9,4.99435,1,4.20402,1,0.00000,0,0.00000,0,0.00000,0,1,1,0,0.00000,0,,54.19146,163.50955,
15,page4,681,11.18727,450445223360,0.61234,0.30128,10.82510,0.36217,25,1,0.63474,0.30669,1,0.44940,0.00000,0,,0.36968,0.82219,19.98930,0.99165,1,0.71146,0.86989,17.04058,0.99165,1,0,0.00000,9,5.44014,1,4.34421,1,0.00000,0,0.00000,0,0.00000,0,1,1,0,0.00000,0,,407.95737,356.87213,
15,page4,713,11.71222,450450472848,0.61597,0.32764,11.20325,0.50897,26,1,0.39219,0.35510,1,0.44940,0.00000,0,,0.36025,0.82554,21.93915,0.99388,1,0.70172,0.87132,18.80851,0.99388,1,0,0.00000,9,5.92378,1,5.05978,1,0.00000,0,0.00000,0,0.00000,0,1,1,0,0.00000,0,,28.34189,282.42563,
15,page4,741,12.17297,450455080288,0.36476,0.36586,11.78001,0.39296,27,1,0.31188,0.40704,1,0.44940,0.00000,0,,0.35564,0.82675,21.66776,0.97933,1,0.69823,0.87206,19.02398,0.96287,1,0,0.00000,9,6.00694,1,4.99867,1,0.00000,0,0.00000,0,0.00000,0,1,1,0,0.00000,0,,423.93649,185.43192,
15,page4,792,13.00986,450463449203,0.31158,0.37143,12.18922,0.82063,28,1,0.30161,0.29733,1,0.44940,0.00000,0,,0.35493,0.82632,22.24921,1.06248,1,0.69810,0.87184,18.70137,1.06248,1,0,0.00000,9,6.07067,1,4.89027,1,0.00000,0,0.00000,0,0.00000,0,1,1,0,0.00000,0,,89.53363,183.74535,
15,page4,821,13.48587,450468209380,0.34652,0.33597,13.02654,0.45934,29,1,0.37982,0.29948,1,0.44940,0.00000,0,,0.35848,0.82587,23.13021,1.06523,1,0.70143,0.87125,19.10520,1.06523,1,0,0.00000,9,6.19692,1,5.10144,1,0.00000,0,0.00000,0,0.00000,0,1,1,0,0.00000,0,,69.51182,32.38699,
15,page4,844,13.86397,450471990244,0.39256,0.32547,13.50227,0.36169,30,1,0.43785,0.39138,1,0.44940,0.00000,0,,0.35994,0.82573,21.72074,0.99165,1,0.70242,0.87183,18.79950,0.99165,1,0,0.00000,9,6.00315,1,4.91849,1,0.00000,0,0.00000,0,0.00000,0,1,1,0,0.00000,0,,78.12897,8.11226,
15,page4,865,14.20923,450475442965,0.38361,0.33661,13.88037,0.32886,31,1,0.36368,0.24347,1,0.44940,0.00000,0,,0.35878,0.82575,20.70116,1.14421,1,0.70166,0.87188,18.06879,1.14421,1,0,0.00000,9,5.64146,1,4.54954,1,0.00000,0,0.00000,0,0.00000,0,1,1,0,0.00000,0,,19.04992,217.88058,
15,page4,880,14.45564,450477907030,0.41101,0.31639,14.22539,0.23026,32,1,0.56775,0.36670,1,0.44940,0.00000,0,,0.36866,0.82512,20.12628,1.00043,1,0.70997,0.87269,16.87863,0.99165,1,0,0.00000,9,5.50469,1,4.35915,1,0.00000,0,0.00000,0,0.00000,0,1,1,0,0.00000,0,,50.69213,24.76025,
15,page4,899,14.76765,450481027099,0.61128,0.33176,14.52112,0.24654,33,1,0.62656,0.29047,1,0.44940,0.00000,0,,0.37066,0.82505,20.82993,1.05370,1,0.71213,0.87233,17.10456,1.04492,1,0,0.00000,9,5.45515,1,4.28914,1,0.00000,0,0.00000,0,0.00000,0,1,1,0,0.00000,0,,336.84052,357.25381,
15,page4,921,15.12918,450484642391,0.63499,0.29085,14.78387,0.34531,34,1,0.64146,0.28333,1,0.44940,0.00000,0,,0.37030,0.82465,19.44335,1.08274,1,0.71202,0.87300,15.60327,1.07261,1,0,0.00000,9,5.25174,1,4.16469,1,0.00000,0,0.00000,0,0.00000,0,1,1,0,0.00000,0,,58.58175,47.16013,
15,page4,938,15.40784,450487429018,0.62515,0.30005,15.14561,0.26222,35,1,0.62502,0.37010,1,0.44940,0.00000,0,,0.37100,0.82440,20.05711,0.97602,1,0.71293,0.87257,16.63740,0.97602,1,0,0.00000,9,5.47186,1,4.30778,1,0.00000,0,0.00000,0,0.00000,0,1,1,0,0.00000,0,,19.14663,210.29990,
15,page4,989,16.24585,450495809180,0.61713,0.34802,15.42447,0.82138,36,1,0.34612,0.41099,1,0.44940,0.00000,0,,0.35782,0.82658,21.75783,0.98397,1,0.69922,0.87274,19.41426,0.97628,1,0,0.00000,9,5.90796,1,5.14492,1,0.00000,0,0.00000,0,0.00000,0,1,1,0,0.00000,0,,52.13950,255.02382,
15,page4,1030,16.91982,450502548812,0.32737,0.38367,16.31204,0.60777,37,1,0.35703,0.44736,1,0.44940,0.00000,0,,0.35743,0.82665,20.77195,0.93735,1,0.70003,0.87223,17.72853,0.93735,1,0,0.00000,9,5.53532,1,4.54044,1,0.00000,0,0.00000,0,0.00000,0,1,1,0,0.00000,0,,488.23383,184.39714,
15,page4,1053,17.29797,450506330298,0.38359,0.39049,16.93581,0.36217,38,1,0.42914,0.38873,1,0.44940,0.00000,0,,0.36254,0.82534,19.24110,1.03599,1,0.70480,0.87266,17.49650,1.02721,1,0,0.00000,9,5.50943,1,4.32353,1,0.00000,0,0.00000,0,0.00000,0,1,1,0,0.00000,0,,94.72072,355.66425,
15,page4,1079,17.72536,450510604205,0.43665,0.37008,17.31413,0.41122,39,1,0.39499,0.70379,0,0.44940,0.00000,0,,0.36390,0.82706,20.50718,1.10369,0,0.70644,0.88142,10.67699,1.10369,0,20,0.00000,9,5.44040,0,3.40100,0,0.00000,0,0.00000,0,0.00000,0,1,1,0,0.00000,0,,91.68070,13.51805,
15,page4,1111,18.25113,450515861947,0.42692,0.34025,17.93840,0.31273,40,1,0.33598,0.35022,1,0.44940,0.00000,0,,0.35830,0.82759,20.22300,1.06248,1,0.70085,0.87448,17.52081,1.06248,1,0,0.00000,10,5.55253,1,4.40741,1,0.00000,0,0.00000,0,0.00000,0,1,1,0,0.00000,0,,35.33047,117.55968,
15,page4,1146,18.82542,450521604933,0.33918,0.39855,18.26694,0.55849,41,1,0.32718,0.48728,1,0.44940,0.00000,0,,0.35743,0.82936,21.10062,0.97796,1,0.70037,0.87570,17.52950,0.96918,1,0,0.00000,10,5.64375,1,4.50437,1,0.00000,0,0.00000,0,0.00000,0,1,1,0,0.00000,0,,159.60884,202.55261,
15,page4,1166,19.15457,450524896349,0.35714,0.42894,18.84192,0.31265,42,1,0.48382,0.41956,1,0.44940,0.00000,0,,0.36637,0.82832,22.48993,1.00950,1,0.70877,0.87445,17.70110,1.00950,1,0,0.00000,9,5.75162,1,4.50303,1,0.00000,0,0.00000,0,0.00000,0,1,1,0,0.00000,0,,43.91597,313.39761,
15,page4,1181,19.40041,450527354656,0.53647,0.39659,19.17154,0.22887,43,1,0.65708,0.32548,1,0.44940,0.00000,0,,0.37248,0.82770,21.76729,1.06523,1,0.71435,0.87518,17.36365,1.06523,1,0,0.00000,9,5.83079,1,4.47958,1,0.00000,0,0.00000,0,0.00000,0,1,1,0,0.00000,0,,303.18323,6.43271,
15,page4,1212,19.91006,450532451239,0.64576,0.37765,19.41710,0.49297,44,1,0.65860,0.43304,1,0.44940,0.00000,0,,0.37335,0.82639,20.55090,0.99165,1,0.71529,0.87411,15.78630,0.99165,1,0,0.00000,9,5.42639,1,4.39211,1,0.00000,0,0.00000,0,0.00000,0,1,1,0,0.00000,0,,184.68111,6.18176,
15,page4,1235,20.28754,450536225951,0.64655,0.38099,19.92720,0.36034,45,1,0.62644,0.30470,1,0.44940,0.00000,0,,0.37408,0.82688,20.31268,1.04462,1,0.71624,0.87545,16.85099,1.04462,1,0,0.00000,9,5.46135,1,4.36661,1,0.00000,0,0.00000,0,0.00000,0,1,1,0,0.00000,0,,3.74971,290.72812,
15,page4,1251,20.55032,450538853854,0.60408,0.36198,20.30449,0.24583,46,1,0.34183,0.41981,1,0.44940,0.00000,0,,0.36146,0.83007,20.87027,1.01843,1,0.70390,0.87721,17.72169,1.01843,1,0,0.00000,9,5.48491,1,4.58049,1,0.00000,0,0.00000,0,0.00000,0,1,1,0,0.00000,0,,74.08900,164.37068,
15,page4,1286,21.12547,450544605421,0.31622,0.42710,20.61658,0.50890,47,1,0.30500,0.33565,1,0.44940,0.00000,0,,0.36333,0.83162,21.01042,1.14421,1,0.70639,0.87906,17.44723,1.14421,1,0,0.00000,9,5.57662,1,4.44581,1,0.00000,0,0.00000,0,0.00000,0,1,1,0,0.00000,0,,488.41473,188.04762,
15,page4,1312,21.55312,450548881839,0.33553,0.42918,21.14226,0.41086,48,1,0.36740,0.46997,1,0.44940,0.00000,0,,0.36132,0.83311,20.88123,0.97714,1,0.70450,0.88023,17.22244,0.97714,1,0,0.00000,9,5.44334,1,4.33331,1,0.00000,0,0.00000,0,0.00000,0,1,1,0,0.00000,0,,32.51429,356.14853,
15,page4,1333,21.89767,450552327294,0.36811,0.43811,21.56917,0.32851,49,1,0.38338,0.40102,1,0.44940,0.00000,0,,0.36183,0.83367,21.04789,1.03569,1,0.70477,0.88138,17.29940,1.03569,1,0,0.00000,9,5.57759,1,4.34590,1,0.00000,0,0.00000,0,0.00000,0,1,1,0,0.00000,0,,55.53171,350.27908,
15,page4,1357,22.29234,450556273983,0.35797,0.42135,21.91423,0.37811,50,1,0.32190,0.34438,0,0.44940,0.00000,0,,0.35953,0.83437,21.87872,1.10300,0,0.70232,0.88011,17.38555,1.10300,0,21,0.00000,9,5.64090,0,4.64586,0,0.00000,0,0.00000,0,0.00000,0,1,1,0,0.00000,0,,24.49261,134.06905,
15,page4,1409,23.14624,450564812946,0.39943,0.40460,22.50659,0.63965,51,1,0.43772,0.44272,1,0.44940,0.00000,0,,0.36437,0.83146,18.98683,0.99165,1,0.70684,0.87940,15.52205,0.99165,1,0,0.00000,10,5.01375,1,3.95496,1,0.00000,0,0.00000,0,0.00000,0,1,1,0,0.00000,0,,71.83897,14.17112,
15,page4,1428,23.45967,450567947263,0.48618,0.41479,23.16283,0.29684,52,1,0.59990,0.36190,1,0.44940,0.00000,0,,0.37025,0.83032,18.46062,1.03599,1,0.71155,0.87888,14.76185,1.04477,1,0,0.00000,10,5.17474,1,4.12710,1,0.00000,0,0.00000,0,0.00000,0,1,1,0,0.00000,0,,146.13222,355.80115,
15,page4,1447,23.77156,450571066284,0.62016,0.39376,23.47768,0.29388,53,1,0.65662,0.42430,1,0.44940,0.00000,0,,0.37407,0.83087,19.73599,1.03614,1,0.71540,0.87884,15.35312,1.02736,1,0,0.00000,10,5.21414,1,4.03320,1,0.00000,0,0.00000,0,0.00000,0,1,1,0,0.00000,0,,226.16690,5.60292,
15,page4,1474,24.21405,450575491145,0.66715,0.40558,23.78767,0.42638,54,1,0.65261,0.42560,1,0.44940,0.00000,0,,0.37461,0.83129,19.96440,0.98383,1,0.71585,0.88010,16.36452,0.98383,1,0,0.00000,10,5.38302,1,4.29941,1,0.00000,0,0.00000,0,0.00000,0,1,1,0,0.00000,0,,79.91288,351.06540,
15,page4,1512,24.83830,450581733623,0.63820,0.40070,24.23024,0.60806,55,1,0.64773,0.43291,1,0.44940,0.00000,0,,0.37291,0.83205,20.79674,0.99165,1,0.71463,0.87976,17.07060,0.99165,1,0,0.00000,9,5.60076,1,4.27430,1,0.00000,0,0.00000,0,0.00000,0,1,1,0,0.00000,0,,48.90516,173.98584,
15,page4,1538,25.26553,450586005920,0.62320,0.42952,24.85457,0.41096,56,1,0.39109,0.46471,1,0.44940,0.00000,0,,0.36227,0.83348,20.81939,1.06248,1,0.70439,0.87952,17.24190,1.06248,1,0,0.00000,9,5.57186,1,4.63153,1,0.00000,0,0.00000,0,0.00000,0,1,1,0,0.00000,0,,39.37983,230.21390,
15,page4,1602,26.31676,450596518206,0.32864,0.45731,25.33229,0.98447,57,1,0.37645,0.44652,1,0.44940,0.00000,0,,0.36150,0.83241,19.09499,1.06248,1,0.70430,0.87935,16.15525,1.06248,1,0,0.00000,9,4.97937,1,4.23993,1,0.00000,0,0.00000,0,0.00000,0,1,1,0,0.00000,0,,495.72025,183.37454,
15,page4,1627,26.72713,450600621932,0.39743,0.45220,26.33287,0.39426,58,1,0.39227,0.43712,0,0.44940,0.00000,0,,0.36473,0.83403,18.36314,1.02736,0,0.70746,0.88134,15.55054,1.02736,0,22,0.00000,9,4.93018,0,4.30745,0,0.00000,0,0.00000,0,0.00000,0,1,1,0,0.00000,0,,115.69168,2.65818,
15,page4,1658,27.23671,450605717767,0.50209,0.44605,26.98994,0.24677,59,1,0.56450,0.44978,1,0.44940,0.00000,0,,0.37226,0.83279,20.46539,1.04462,1,0.71438,0.88055,16.34665,1.04462,1,0,0.00000,10,5.34192,1,4.11348,1,0.00000,0,0.00000,0,0.00000,0,1,1,0,0.00000,0,,175.94728,2.10331,
15,page4,1677,27.54948,450608845521,0.60357,0.43605,27.25301,0.29648,60,1,0.64192,0.41533,1,0.44940,0.00000,0,,0.37524,0.83176,20.14287,1.06248,1,0.71718,0.88002,16.59611,1.06248,1,0,0.00000,10,5.37516,1,4.16762,1,0.00000,0,0.00000,0,0.00000,0,1,1,0,0.00000,0,,170.80942,3.52430,
15,page4,1699,27.91046,450612455209,0.63688,0.46483,27.56599,0.34447,61,1,0.63411,0.50348,1,0.44940,0.00000,0,,0.37512,0.83154,20.05110,0.99164,1,0.71723,0.88034,16.78926,0.99164,1,0,0.00000,10,5.52811,1,4.17221,1,0.00000,0,0.00000,0,0.00000,0,1,1,0,0.00000,0,,63.59874,331.63083,
15,page4,1734,28.48500,450618200568,0.62414,0.44578,27.92668,0.55832,62,1,0.63517,0.47443,1,0.44940,0.00000,0,,0.37420,0.83333,22.94424,1.00057,1,0.71723,0.88060,17.50830,1.00057,1,0,0.00000,10,5.73878,1,4.71150,1,0.00000,0,0.00000,0,0.00000,0,1,1,0,0.00000,0,,29.29491,136.93733,
15,page4,1758,28.88171,450622167779,0.60535,0.47016,28.50175,0.37996,63,1,0.37848,0.46067,1,0.44940,0.00000,0,,0.36486,0.83461,22.34383,1.04702,1,0.70705,0.88277,18.73590,1.05715,1,0,0.00000,10,5.82502,1,5.14960,1,0.00000,0,0.00000,0,0.00000,0,1,1,0,0.00000,0,,40.64235,219.03981,
15,page4,1813,29.78360,450631186559,0.32592,0.49387,28.94745,0.83615,64,1,0.37934,0.56583,1,0.44940,0.00000,0,,0.36337,0.83401,20.32836,0.93735,1,0.70610,0.88208,17.06812,0.92966,1,0,0.00000,10,5.37007,1,4.42210,1,0.00000,0,0.00000,0,0.00000,0,1,1,0,0.00000,0,,470.10211,183.03568,
15,page4,1832,30.09515,450634302159,0.36732,0.48475,29.79965,0.29550,65,1,0.37425,0.41062,1,0.44940,0.00000,0,,0.36299,0.83425,21.07004,1.10300,1,0.70545,0.88211,17.45087,1.10300,1,0,0.00000,10,5.71089,1,4.65911,1,0.00000,0,0.00000,0,0.00000,0,1,1,0,0.00000,0,,70.20812,7.83925,
15,page4,1858,30.52274,450638578021,0.39509,0.45956,30.11185,0.41089,66,1,0.45580,0.51015,1,0.44940,0.00000,0,,0.36602,0.83441,22.67217,1.02721,1,0.70819,0.88180,17.16637,1.01075,1,0,0.00000,10,5.76271,1,4.70317,1,0.00000,0,0.00000,0,0.00000,0,1,1,0,0.00000,0,,53.62962,29.55035,
15,page4,1869,30.70348,450640385342,0.44090,0.51941,30.53906,0.16441,67,1,0.42572,0.60319,0,0.44940,0.00000,0,,0.36571,0.83508,22.65508,0.99164,0,0.70829,0.88302,16.25639,0.99164,0,23,0.00000,10,5.78592,0,4.47823,0,0.00000,0,0.00000,0,0.00000,0,1,1,0,0.00000,0,,99.35863,320.76654,
15,page4,1902,31.24532,450645803749,0.55826,0.49802,30.91949,0.32582,68,1,0.58136,0.43807,1,0.44940,0.00000,0,,0.37288,0.83443,21.93823,1.02736,1,0.71568,0.88241,16.72091,1.02736,1,0,0.00000,11,5.57739,1,4.33122,1,0.00000,0,0.00000,0,0.00000,0,1,1,0,0.00000,0,,198.43994,6.49867,
15,page4,1963,32.24716,450655822185,0.61265,0.49762,31.26212,0.98505,69,1,0.46415,0.49399,1,0.44940,0.00000,0,,0.36698,0.83447,21.10351,1.01843,1,0.70914,0.88071,15.77359,1.01843,1,0,0.00000,11,5.63244,1,4.12733,1,0.00000,0,0.00000,0,0.00000,0,1,1,0,0.00000,0,,91.37609,0.26338,
15,page4,2002,32.88805,450662231108,0.33339,0.53668,32.31317,0.57487,70,1,0.40492,0.55419,1,0.44940,0.00000,0,,0.36752,0.83664,21.92532,1.01940,1,0.70964,0.88377,16.74954,1.00293,1,0,0.00000,11,5.53047,1,4.44109,1,0.00000,0,0.00000,0,0.00000,0,1,1,0,0.00000,0,,470.94598,184.99603,
15,page4,2060,33.84200,450671770541,0.42352,0.52438,32.90475,0.93724,71,1,0.42725,0.48463,1,0.44940,0.00000,0,,0.36904,0.83680,22.05862,1.05475,1,0.71157,0.88411,16.80672,1.06488,1,0,0.00000,10,5.60812,1,4.28149,1,0.00000,0,0.00000,0,0.00000,0,1,1,0,0.00000,0,,151.96817,4.87513,
15,page4,2077,34.12045,450674555087,0.40755,0.52152,33.85863,0.26183,72,1,0.37736,0.54560,1,0.44940,0.00000,0,,0.36491,0.83774,21.75936,0.99164,1,0.70764,0.88529,16.88258,0.99164,1,0,0.00000,10,5.59035,1,4.55457,1,0.00000,0,0.00000,0,0.00000,0,1,1,0,0.00000,0,,26.99713,173.61343,
15,page4,2113,34.71196,450680470255,0.34188,0.55661,34.13663,0.57533,73,1,0.33195,0.59578,1,0.44940,0.00000,0,,0.36184,0.83698,20.80576,0.96091,1,0.70500,0.88551,16.77880,0.95413,1,0,0.00000,10,5.41790,1,4.27076,1,0.00000,0,0.00000,0,0.00000,0,1,1,0,0.00000,0,,116.31535,198.46732,
15,page4,2129,34.97482,450683098896,0.38276,0.56426,34.72850,0.24632,74,1,0.59880,0.49146,1,0.44940,0.00000,0,,0.37599,0.83544,20.10346,1.03584,1,0.71755,0.88524,15.90884,1.02706,1,0,0.00000,10,5.35675,1,4.06735,1,0.00000,0,0.00000,0,0.00000,0,1,1,0,0.00000,0,,69.14655,353.32907,
15,page4,2171,35.66499,450690000488,0.62216,0.51727,35.04076,0.62424,75,1,0.60345,0.61069,0,0.44940,0.00000,0,,0.37597,0.83530,18.94120,1.02736,0,0.71822,0.88448,15.10527,1.02736,0,24,0.00000,10,5.02726,0,3.79358,0,0.00000,0,0.00000,0,0.00000,0,1,1,0,0.00000,0,,405.20718,6.99390,
15,page4,2248,36.92911,450702641739,0.32966,0.57271,36.07552,0.85359,76,1,0.35709,0.64038,1,0.44940,0.00000,0,,0.36549,0.83895,20.05326,0.94613,1,0.70836,0.88862,16.47022,0.92966,1,0,0.00000,11,5.30195,1,4.33538,1,0.00000,0,0.00000,0,0.00000,0,1,1,0,0.00000,0,,494.83600,186.75584,
15,page4,2284,37.52049,450708555537,0.33556,0.59026,36.94550,0.57500,77,1,0.36518,0.58700,1,0.44940,0.00000,0,,0.36648,0.83887,22.28146,1.00332,1,0.70901,0.88792,17.77266,1.00332,1,0,0.00000,11,5.55650,1,4.73618,1,0.00000,0,0.00000,0,0.00000,0,1,1,0,0.00000,0,,20.92420,298.27533,
15,page4,2318,38.07932,450714143735,0.38441,0.58866,37.53683,0.54248,78,1,0.44986,0.56903,1,0.44940,0.00000,0,,0.36916,0.83778,22.55496,1.02736,1,0.71196,0.88699,17.98004,1.02736,1,0,0.00000,11,5.76543,1,4.90847,1,0.00000,0,0.00000,0,0.00000,0,1,1,0,0.00000,0,,82.08518,1.17272,
15,page4,2343,38.48953,450718245995,0.59818,0.58863,38.14508,0.34445,79,1,0.65066,0.57091,1,0.44940,0.00000,0,,0.37695,0.83729,23.27086,1.05355,1,0.72026,0.88606,17.23911,1.05355,1,0,0.00000,11,5.69635,1,4.58280,1,0.00000,0,0.00000,0,0.00000,0,1,1,0,0.00000,0,,359.13361,0.00502,
15,page4,2365,38.85162,450721866919,0.63492,0.54155,38.50592,0.34570,80,1,0.64462,0.50251,0,0.44940,0.00000,0,,0.37655,0.83719,21.45197,1.03614,0,0.71968,0.88592,17.42258,1.02736,0,25,0.00000,11,5.42292,0,4.33618,0,0.00000,0,0.00000,0,0.00000,0,1,1,0,0.00000,0,,79.07897,38.69116,
15,page4,2401,39.44472,450727797747,0.60130,0.55334,39.11728,0.32744,81,1,0.36372,0.60592,1,0.44940,0.00000,0,,0.36542,0.83876,20.20206,1.04573,1,0.70787,0.88859,17.42820,1.03695,1,0,0.00000,12,5.50590,1,4.65146,1,0.00000,0,0.00000,0,0.00000,0,1,1,0,0.00000,0,,57.82237,192.36247,
15,page4,2422,39.78993,450731249879,0.31009,0.62622,39.50862,0.28131,82,1,0.26248,0.54316,1,0.44940,0.00000,0,,0.36350,0.84056,19.61788,1.13390,1,0.70686,0.89008,16.51035,1.13390,1,0,0.00000,12,5.26373,1,4.38651,1,0.00000,0,0.00000,0,0.00000,0,1,1,0,0.00000,0,,495.18143,188.88995,
15,page4,2442,40.11659,450734516587,0.33309,0.62295,39.80472,0.31187,83,1,0.36684,0.65869,1,0.44940,0.00000,0,,0.36616,0.84019,20.13230,1.03599,1,0.70903,0.88982,15.98270,1.04477,1,0,0.00000,12,5.29476,1,4.25425,1,0.00000,0,0.00000,0,0.00000,0,1,1,0,0.00000,0,,38.79220,5.07786,
15,page4,2463,40.46199,450737970514,0.39379,0.60532,40.13321,0.32878,84,1,0.40926,0.61742,1,0.44940,0.00000,0,,0.36798,0.84104,21.57127,1.04492,1,0.71084,0.88973,16.52948,1.03614,1,0,0.00000,12,5.43976,1,4.48702,1,0.00000,0,0.00000,0,0.00000,0,1,1,0,0.00000,0,,103.64258,10.28877,
15,page4,2501,41.08540,450744204680,0.43063,0.59872,40.47803,0.60738,85,1,0.43624,0.66506,1,0.44940,0.00000,0,,0.36822,0.84072,22.45720,1.06728,1,0.71066,0.88958,17.02257,1.06728,1,0,0.00000,12,5.61521,1,4.70380,1,0.00000,0,0.00000,0,0.00000,0,1,1,0,0.00000,0,,62.27795,6.38883,
15,page4,2517,41.34839,450746834522,0.38829,0.64334,41.10220,0.24619,86,1,0.32219,0.62121,1,0.44940,0.00000,0,,0.36563,0.83959,23.28905,1.02735,1,0.70830,0.88858,18.13718,1.02735,1,0,0.00000,11,5.69541,1,4.87129,1,0.00000,0,0.00000,0,0.00000,0,1,1,0,0.00000,0,,85.17429,213.37117,
15,page4,2539,41.70998,450750450311,0.35139,0.63566,41.36774,0.34224,87,1,0.42893,0.61181,1,0.44940,0.00000,0,,0.36944,0.83846,22.15280,1.07621,1,0.71227,0.88737,16.72864,1.05730,1,0,0.00000,11,5.59460,1,4.60321,1,0.00000,0,0.00000,0,0.00000,0,1,1,0,0.00000,0,,62.51429,172.58849,
15,page4,2568,42.18596,450755210163,0.61768,0.61304,41.77556,0.41040,88,1,0.62349,0.61569,1,0.44940,0.00000,0,,0.37827,0.83851,21.91162,1.00920,1,0.72131,0.88762,16.11835,1.01798,1,0,0.00000,11,5.44694,1,4.13178,1,0.00000,0,0.00000,0,0.00000,0,1,1,0,0.00000,0,,447.99722,3.03902,
15,page4,2592,42.58073,450759157902,0.63007,0.64093,42.20250,0.37823,89,1,0.60386,0.81704,0,0.44940,0.00000,0,,0.37879,0.83814,21.51994,1.02676,0,0.72130,0.88966,14.90831,1.02676,0,26,0.00000,11,5.43692,0,3.85076,0,0.00000,0,0.00000,0,0.00000,0,1,1,0,0.00000,0,,35.92849,305.40485,
15,page4,2623,43.09027,450764253318,0.44390,0.66032,42.89304,0.19724,90,1,0.34325,0.67101,1,0.44940,0.00000,0,,0.36790,0.83953,21.75357,1.02735,1,0.70985,0.88954,16.60054,1.03613,1,0,0.00000,12,5.43782,1,4.56906,1,0.00000,0,0.00000,0,0.00000,0,1,1,0,0.00000,0,,313.42758,183.72441,
15,page4,2690,44.19206,450775271297,0.33530,0.66131,43.10626,1.08580,91,1,0.39981,0.67839,1,0.44940,0.00000,0,,0.36833,0.84090,20.67118,1.02676,1,0.71040,0.89072,15.67748,1.02676,1,0,0.00000,12,5.10409,1,4.24859,1,0.00000,0,0.00000,0,0.00000,0,1,1,0,0.00000,0,,182.45090,180.32645,
15,page4,2733,44.89731,450782323663,0.36965,0.67109,44.20834,0.68896,92,1,0.34087,0.64099,1,0.44940,0.00000,0,,0.36673,0.84008,22.42437,1.03598,1,0.70947,0.88999,17.40840,1.02720,1,0,0.00000,12,5.53953,1,4.68321,1,0.00000,0,0.00000,0,0.00000,0,1,1,0,0.00000,0,,58.61457,349.90994,
15,page4,2748,45.14380,450784788580,0.48605,0.64639,44.91368,0.23012,93,1,0.56915,0.67980,1,0.44940,0.00000,0,,0.37525,0.83998,22.71110,1.06247,1,0.71867,0.88992,17.49860,1.06247,1,0,0.00000,12,5.75415,1,4.42965,1,0.00000,0,0.00000,0,0.00000,0,1,1,0,0.00000,0,,197.26431,7.55474,
15,page4,2769,45.48845,450788235097,0.62539,0.68140,45.16013,0.32832,94,1,0.71261,0.71144,1,0.44940,0.00000,0,,0.38116,0.84056,22.29960,1.00057,1,0.72448,0.89156,16.87865,1.00057,1,0,0.00000,12,5.52270,1,4.26754,1,0.00000,0,0.00000,0,0.00000,0,1,1,0,0.00000,0,,236.95988,351.07547,
15,page4,2822,46.35904,450796940981,0.69010,0.68367,45.50548,0.85356,95,1,0.67914,0.72585,1,0.44940,0.00000,0,,0.38031,0.84071,21.85593,1.02735,1,0.72368,0.89172,17.16197,1.02735,1,0,0.00000,11,5.52665,1,4.29796,1,0.00000,0,0.00000,0,0.00000,0,1,1,0,0.00000,0,,108.73901,358.74402,
15,page4,2857,46.93411,450802691727,0.68550,0.67698,46.37573,0.55838,96,1,0.69751,0.62689,1,0.44940,0.00000,0,,0.37933,0.84135,21.40398,1.02735,1,0.72291,0.89207,16.76457,1.02735,1,0,0.00000,11,5.38103,1,4.22846,1,0.00000,0,0.00000,0,0.00000,0,1,1,0,0.00000,0,,10.44341,137.73064,
15,page4,2867,47.09877,450804338252,0.66300,0.74088,46.95032,0.14845,97,1,0.44668,1.05917,0,0.44940,0.00000,0,,0.37934,0.84095,21.58586,1.02735,0,0.71886,0.89659,7.32199,1.02735,0,27,0.00000,11,5.39979,0,2.81546,0,0.00000,0,0.00000,0,0.00000,0,1,1,0,0.00000,0,,77.01025,240.60391,
15,page4,2907,47.75618,450810912401,0.29810,0.77718,47.41205,0.34413,98,1,0.32037,0.70147,1,0.44940,0.00000,0,,0.36327,0.84209,19.46736,1.03598,1,0.70650,0.89226,16.34422,1.04476,1,0,0.00000,12,5.19219,1,4.29249,1,0.00000,0,0.00000,0,0.00000,0,1,1,0,0.00000,0,,614.21576,183.55777,
15,page4,2929,48.11745,450814525084,0.35174,0.73820,47.77219,0.34526,99,1,0.35663,0.69564,1,0.44940,0.00000,0,,0.36528,0.84054,18.60178,1.03613,1,0.70863,0.89117,15.42165,1.03613,1,0,0.00000,12,4.84663,1,3.90540,1,0.00000,0,0.00000,0,0.00000,0,1,1,0,0.00000,0,,98.97444,24.42685,
15,page4,2969,48.77374,450821088096,0.39108,0.70973,48.13345,0.64029,100,1,0.31818,0.74926,1,0.44940,0.00000,0,,0.36619,0.84185,19.53645,1.01827,1,0.70968,0.89257,16.36794,1.02705,1,0,0.00000,12,5.14757,1,4.37137,1,0.00000,0,0.00000,0,0.00000,0,1,1,0,0.00000,0,,72.53732,24.33752,
15,page4,2996,49.21820,450825532689,0.33003,0.73520,48.79199,0.42621,101,1,0.55413,0.69206,1,0.44940,0.00000,0,,0.37622,0.84208,21.33849,1.03613,1,0.71952,0.89198,16.32431,1.04491,1,0,0.00000,12,5.39640,1,4.15555,1,0.00000,0,0.00000,0,0.00000,0,1,1,0,0.00000,0,,105.99335,194.61436,
15,page4,3017,49.56236,450828974223,0.60105,0.72905,49.28435,0.27802,102,1,0.65012,0.73833,1,0.44940,0.00000,0,,0.38183,0.84273,22.26641,0.91884,1,0.72518,0.89435,16.88210,0.93330,1,0,0.00000,12,5.52229,1,4.23131,1,0.00000,0,0.00000,0,0.00000,0,1,1,0,0.00000,0,,455.35947,0.81254,
15,page4,3069,50.41718,450837522396,0.65273,0.73698,49.57938,0.83780,103,1,0.63443,0.76856,1,0.44940,0.00000,0,,0.38199,0.84418,23.45753,0.99164,1,0.72576,0.89665,18.59881,0.99164,1,0,0.00000,12,5.85595,1,4.71422,1,0.00000,0,0.00000,0,0.00000,0,1,1,0,0.00000,0,,87.22074,354.52191,
15,page4,3086,50.69609,450840311559,0.58595,0.77981,50.43341,0.26268,104,1,0.35702,0.77427,1,0.44940,0.00000,0,,0.36965,0.84584,23.19694,0.99164,1,0.71147,0.89758,19.54056,0.99164,1,0,0.00000,12,5.80594,1,5.13524,1,0.00000,0,0.00000,0,0.00000,0,1,1,0,0.00000,0,,120.86817,201.84338,
15,page4,3131,51.43544,450847705004,0.31215,0.76193,50.76216,0.67328,105,1,0.36126,0.73053,1,0.44940,0.00000,0,,0.36896,0.84582,23.20360,1.11347,1,0.71156,0.89670,17.72841,1.10333,1,0,0.00000,11,5.74522,1,4.67385,1,0.00000,0,0.00000,0,0.00000,0,1,1,0,0.00000,0,,460.36703,177.66281,
15,page4,3181,52.25758,450855926483,0.38782,0.77358,51.45309,0.80449,106,1,0.36189,0.82047,0,0.44940,0.00000,0,,0.36876,0.84712,22.29438,1.04837,0,0.71129,0.89729,18.75951,1.06728,0,28,0.00000,11,5.71064,0,4.92446,0,0.00000,0,0.00000,0,0.00000,0,1,1,0,0.00000,0,,127.71278,354.50369,
15,page4,3225,52.98018,450863152332,0.30862,0.84954,52.57166,0.40852,107,1,0.31766,0.83235,1,0.44940,0.00000,0,,0.36759,0.84558,21.70666,1.04491,1,0.71019,0.89670,17.69132,1.05369,1,0,0.00000,12,5.54314,1,4.64594,1,0.00000,0,0.00000,0,0.00000,0,1,1,0,0.00000,0,,155.12968,210.93980,
15,page4,3253,53.43971,450867747670,0.37197,0.79398,52.99692,0.44279,108,1,0.40187,0.81942,1,0.44940,0.00000,0,,0.37238,0.84585,22.29924,1.03568,1,0.71526,0.89733,17.95333,1.03568,1,0,0.00000,12,5.66743,1,4.74502,1,0.00000,0,0.00000,0,0.00000,0,1,1,0,0.00000,0,,121.36816,28.72912,
15,page4,3279,53.86696,450872020241,0.57727,0.79424,53.50526,0.36169,109,1,0.69581,0.78488,1,0.44940,0.00000,0,,0.38128,0.84544,24.07448,1.05354,1,0.72515,0.89786,18.84432,1.05354,1,0,0.00000,12,6.00958,1,4.83709,1,0.00000,0,0.00000,0,0.00000,0,1,1,0,0.00000,0,,344.90405,359.95465,
15,page4,3308,54.34360,450876786649,0.67526,0.80115,53.88310,0.46049,110,1,0.51967,0.82104,1,0.44940,0.00000,0,,0.37500,0.84562,23.37457,1.03613,1,0.71813,0.89712,18.91216,1.04491,1,0,0.00000,12,6.10039,1,4.93080,1,0.00000,0,0.00000,0,0.00000,0,1,1,0,0.00000,0,,164.78304,357.47641,
15,page4,3377,55.47690,450888119650,0.31226,0.81254,54.40945,1.06744,111,1,0.36152,0.77461,1,0.44940,0.00000,0,,0.36991,0.84624,20.74768,1.05369,1,0.71192,0.89789,16.67305,1.04491,1,0,0.00000,11,5.31432,1,4.50309,1,0.00000,0,0.00000,0,0.00000,0,1,1,0,0.00000,0,,609.95721,181.12349,
15,page4,3414,56.08453,450894196008,0.35472,0.81201,55.49370,0.59084,112,1,0.62651,0.83458,1,0.44940,0.00000,0,,0.37975,0.84688,22.29693,1.06247,1,0.72219,0.89907,16.93924,1.06247,1,0,0.00000,11,5.49394,1,4.61811,1,0.00000,0,0.00000,0,0.00000,0,1,1,0,0.00000,0,,71.33494,0.44700,
15,page4,3450,56.67630,450900113568,0.62772,0.83632,56.15027,0.52603,113,1,0.61180,0.89838,0,0.44940,0.00000,0,,0.38164,0.84632,22.81273,1.06247,0,0.72537,0.89897,16.46244,1.06247,0,29,0.00000,11,5.60120,0,4.31658,0,0.00000,0,0.00000,0,0.00000,0,1,1,0,0.00000,0,,459.34976,356.81451,
15,page4,3532,58.02351,450913585731,0.64136,0.85121,56.98868,1.03484,114,1,0.49979,0.85196,1,0.44940,0.00000,0,,0.37614,0.84849,21.77493,1.06247,1,0.71922,0.90033,17.49271,1.05369,1,0,0.00000,12,5.85693,1,4.71410,1,0.00000,0,0.00000,0,0.00000,0,1,1,0,0.00000,0,,27.74063,325.69513,
15,page4,3573,58.69852,450920335813,0.31589,0.89492,58.08925,0.60927,115,1,0.36634,0.89980,1,0.44940,0.00000,0,,0.37118,0.84941,21.69775,1.03598,1,0.71297,0.90125,17.90303,1.02720,1,0,0.00000,12,5.49511,1,4.63122,1,0.00000,0,0.00000,0,0.00000,0,1,1,0,0.00000,0,,548.71228,184.79796,
15,page4,3599,59.12425,450924593209,0.37659,0.88967,58.71384,0.41042,116,1,0.39389,0.83681,1,0.44940,0.00000,0,,0.37309,0.85090,21.64291,1.14420,1,0.71556,0.90329,17.20092,1.14420,1,0,0.00000,12,5.41906,1,4.59895,1,0.00000,0,0.00000,0,0.00000,0,1,1,0,0.00000,0,,102.12484,3.09423,
15,page4,3629,59.61661,450929516648,0.45780,0.88791,59.14130,0.47531,117,1,0.66928,0.92390,1,0.44940,0.00000,0,,0.38216,0.85095,22.24310,1.02675,1,0.72503,0.90299,16.21716,1.02675,1,0,0.00000,12,5.59196,1,4.11978,1,0.00000,0,0.00000,0,0.00000,0,1,1,0,0.00000,0,,136.44531,0.77604,
15,page4,3668,60.25757,450935926232,0.65461,0.88416,59.68262,0.57495,118,1,0.62365,0.84123,1,0.44940,0.00000,0,,0.38062,0.84957,21.81847,1.04461,1,0.72441,0.90152,16.21098,1.04461,1,0,0.00000,12,5.53904,1,4.13286,1,0.00000,0,0.00000,0,0.00000,0,1,1,0,0.00000,0,,330.66418,0.68229,
15,page4,3707,60.89835,450942334080,0.63316,0.87049,60.27405,0.62430,119,1,0.51088,0.89123,1,0.44940,0.00000,0,,0.37540,0.85016,23.03609,1.01827,1,0.71794,0.90188,18.88063,1.02705,1,0,0.00000,12,6.01000,1,4.87314,1,0.00000,0,0.00000,0,0.00000,0,1,1,0,0.00000,0,,38.78938,158.28218,
15,page4,3729,61.25998,450945950483,0.47721,0.88410,60.96425,0.29573,120,1,0.60570,0.63103,1,0.44940,0.00000,0,,0.37857,0.84218,23.38214,1.02735,1,0.71959,0.89322,18.09157,1.02735,1,0,0.00000,12,6.22175,1,5.05244,1,0.00000,0,0.00000,0,0.00000,0,1,1,0,0.00000,0,,262.38541,183.12209,
15,page4,3740,61.44072,450947757800,0.61726,0.45986,61.32664,0.11407,121,1,0.61663,0.45137,1,0.44940,0.00000,0,,0.37941,0.83739,24.06404,1.02735,1,0.72096,0.88864,18.68609,1.02735,1,0,0.00000,12,6.21457,1,4.89691,1,0.00000,0,0.00000,0,0.00000,0,1,1,0,0.00000,0,,503.77185,62.15736,