MEDIA_ID,MEDIA_NAME,CNT,TIME(2019/10/21 20:06:24.627),TIMETICK(f=10000000),FPOGX,FPOGY,FPOGS,FPOGD,FPOGID,FPOGV,BPOGX,BPOGY,BPOGV,CX,CY,CS,USER,LPCX,LPCY,LPD,LPS,LPV,RPCX,RPCY,RPD,RPS,RPV,BKID,BKDUR,BKPMIN,LPMM,LPMMV,RPMM,RPMMV,DIAL,DIALV,GSR,GSRV,HR,HRV,TTL0,TTL1,TTLV,PIXS,PIXV,AOI,SACCADE_MAG,SACCADE_DIR,
16,calibration-verification-instructions,7,0.11548,579087785933,0.41242,0.06767,0.00000,0.11548,1,1,0.44018,0.17549,1,0.63393,0.48095,0,,0.31810,0.58393,17.80705,0.94814,1,0.65964,0.61682,13.33941,0.94043,1,0,0.00000,13,4.58345,1,4.74074,1,0.00000,0,0.00000,0,0.00000,0,1,1,0,0.00000,0,,0.00000,0.00000,
16,calibration-verification-instructions,29,0.47974,579091428304,0.37616,0.24574,0.18091,0.29883,2,1,0.30913,0.23722,1,0.59762,0.34762,0,,0.31303,0.58940,17.02929,0.99549,1,0.65497,0.62249,14.48316,0.99549,1,0,0.00000,13,4.53630,1,4.00030,1,0.00000,0,0.00000,0,0.00000,0,1,1,0,0.00000,0,,196.64677,251.95416,
16,calibration-verification-instructions,43,0.70825,579093715017,0.20958,0.23804,0.49268,0.21558,3,1,0.12983,0.25496,1,0.59643,0.34762,0,,0.30552,0.59061,14.34721,0.96356,1,0.64756,0.62391,12.80412,0.95585,1,0,0.00000,13,4.31171,1,4.24134,1,0.00000,0,0.00000,0,0.00000,0,1,1,0,0.00000,0,,279.97113,178.34518,
16,calibration-verification-instructions,60,0.98706,579096502717,0.19690,0.22601,0.72534,0.26172,4,1,0.33679,0.18505,1,0.59583,0.34762,0,,0.31596,0.59128,14.70199,1.02192,1,0.65746,0.62470,12.96554,1.02192,1,0,0.00000,13,4.11805,1,3.94990,1,0.00000,0,0.00000,0,0.00000,0,1,1,0,0.00000,0,,24.76587,149.33372,
16,calibration-verification-instructions,77,1.26489,579099281389,0.43972,0.19628,1.05249,0.21240,5,1,0.52370,0.18866,1,0.59464,0.34762,0,,0.32502,0.58778,15.82336,0.98668,1,0.66738,0.62302,12.61973,0.97898,1,0,0.00000,12,4.18095,1,3.93685,1,0.00000,0,0.00000,0,0.00000,0,1,1,0,0.00000,0,,409.13028,4.37590,
16,calibration-verification-instructions,97,1.59326,579102564453,0.84728,0.22067,1.33179,0.26147,6,1,0.90987,0.24155,1,0.59464,0.34762,0,,0.34062,0.58973,15.99392,0.95585,1,0.68353,0.62196,11.47875,0.95585,1,0,0.00000,12,4.47433,1,3.20517,1,0.00000,0,0.00000,0,0.00000,0,1,1,0,0.00000,0,,685.17957,357.85800,
16,calibration-verification-instructions,125,2.05347,579107166994,0.91025,0.25678,1.60986,0.44360,7,1,0.93845,0.27814,1,0.59405,0.34762,0,,0.33847,0.59107,16.39468,0.96356,1,0.67987,0.62626,13.39231,0.95585,1,0,0.00000,12,4.51781,1,5.02535,1,0.00000,0,0.00000,0,0.00000,0,1,1,0,0.00000,0,,112.37888,340.28207,
16,calibration-verification-instructions,138,2.26733,579109303977,0.74464,0.29487,2.06958,0.19775,8,1,0.43689,0.33942,1,0.59405,0.34762,0,,0.31650,0.59233,16.76915,0.96356,1,0.65797,0.62458,15.23549,0.95585,1,0,0.00000,12,4.33636,1,4.02539,1,0.00000,0,0.00000,0,0.00000,0,1,1,0,0.00000,0,,281.08463,188.18018,
16,calibration-verification-instructions,164,2.69458,579113576975,0.45263,0.27119,2.33301,0.36157,9,1,0.43973,0.32253,1,0.59405,0.34762,0,,0.31671,0.59154,17.51555,0.98999,1,0.65900,0.62366,15.90303,0.99880,1,0,0.00000,12,4.63315,1,4.07228,1,0.00000,0,0.00000,0,0.00000,0,1,1,0,0.00000,0,,491.20654,177.09856,
16,calibration-verification-instructions,187,3.07153,579117348053,0.48015,0.29572,2.71069,0.36084,10,1,0.40666,0.42764,1,0.59405,0.34762,0,,0.31741,0.59525,16.26373,1.00651,1,0.65947,0.62861,15.22010,1.01421,1,0,0.00000,11,4.36585,1,3.87089,1,0.00000,0,0.00000,0,0.00000,0,1,1,0,0.00000,0,,52.92399,330.87805,
16,calibration-verification-instructions,205,3.36890,579120319533,0.33309,0.41438,3.13745,0.23145,11,1,0.26831,0.45607,1,0.59405,0.34762,0,,0.31033,0.58908,16.25550,0.98668,1,0.65206,0.62137,14.96919,0.98668,1,0,0.00000,11,4.32832,1,3.95495,1,0.00000,0,0.00000,0,0.00000,0,1,1,0,0.00000,0,,276.69928,206.76186,
16,calibration-verification-instructions,235,3.86304,579125262811,0.20062,0.46112,3.38477,0.47827,12,1,0.17519,0.47549,1,0.59405,0.34762,0,,0.29543,0.59590,16.41467,0.98668,1,0.63912,0.62529,14.78384,0.98668,1,0,0.00000,11,4.39341,1,3.87435,1,0.00000,0,0.00000,0,0.00000,0,1,1,0,0.00000,0,,227.89662,192.43591,
16,calibration-verification-instructions,249,4.09106,579127541076,0.26834,0.46355,3.87964,0.21143,13,1,0.39003,0.46231,1,0.59405,0.34762,0,,0.30789,0.59680,16.67235,0.98668,1,0.65161,0.62823,14.59576,0.98668,1,0,0.00000,11,4.16631,1,3.74494,1,0.00000,0,0.00000,0,0.00000,0,1,1,0,0.00000,0,,113.79820,358.71524,
16,calibration-verification-instructions,273,4.48682,579131498570,0.35541,0.44306,4.10791,0.37891,14,1,0.51061,0.39171,1,0.59405,0.34762,0,,0.31753,0.59499,14.86303,1.03954,1,0.66087,0.62839,11.52493,1.03954,1,0,0.00000,11,3.85235,1,3.57720,1,0.00000,0,0.00000,0,0.00000,0,1,1,0,0.00000,0,,147.85133,8.36707,
16,calibration-verification-instructions,290,4.76465,579134278847,0.63881,0.41678,4.55200,0.21265,15,1,0.68003,0.45642,1,0.59405,0.34762,0,,0.32210,0.59683,14.19479,1.02192,1,0.66441,0.63095,10.93689,1.00540,1,0,0.00000,11,4.14258,1,3.89620,1,0.00000,0,0.00000,0,0.00000,0,1,1,0,0.00000,0,,476.91098,3.31698,
16,calibration-verification-instructions,306,5.02954,579136926250,0.75982,0.44780,4.78125,0.24829,16,1,0.79851,0.40651,1,0.59405,0.34762,0,,0.32438,0.59832,14.04569,1.05716,1,0.66667,0.63211,10.95086,1.05716,1,0,0.00000,11,4.04977,1,3.73746,1,0.00000,0,0.00000,0,0.00000,0,1,1,0,0.00000,0,,205.88939,350.89777,
16,calibration-verification-instructions,340,5.58862,579142516820,0.72424,0.42038,5.04565,0.54297,17,1,0.75946,0.46265,1,0.59405,0.34762,0,,0.32626,0.59826,13.82866,1.00430,1,0.66977,0.63210,10.83398,0.99549,1,0,0.00000,11,3.83189,1,3.78619,1,0.00000,0,0.00000,0,0.00000,0,1,1,0,0.00000,0,,66.34673,154.28163,
16,calibration-verification-instructions,369,6.06226,579147253628,0.73794,0.42247,5.60376,0.45850,18,1,0.77427,0.39474,1,0.59405,0.34762,0,,0.32569,0.59792,15.21243,1.03073,1,0.66756,0.63187,12.30277,1.02192,1,0,0.00000,11,4.05185,1,4.26186,1,0.00000,0,0.00000,0,0.00000,0,1,1,0,0.00000,0,,23.12037,354.55344,
16,calibration-verification-instructions,391,6.42383,579150870306,0.77650,0.45440,6.07813,0.34570,19,1,0.49615,0.39226,1,0.59405,0.34762,0,,0.31686,0.59678,14.62140,1.00430,1,0.66156,0.63137,9.76175,1.01311,1,0,0.00000,11,4.19818,1,3.59275,1,0.00000,0,0.00000,0,0.00000,0,1,1,0,0.00000,0,,72.94225,332.63672,
16,calibration-verification-instructions,410,6.73877,579154019076,0.38751,0.43919,6.49048,0.24829,20,1,0.35068,0.45981,1,0.59405,0.34762,0,,0.31042,0.59609,15.67220,0.97237,1,0.65432,0.62911,14.26631,0.96356,1,0,0.00000,10,4.11497,1,3.77596,1,0.00000,0,0.00000,0,0.00000,0,1,1,0,0.00000,0,,653.69836,178.60005,
16,calibration-verification-instructions,430,7.06665,579157297094,0.39313,0.49216,6.75439,0.31226,21,1,0.30167,0.63012,1,0.59405,0.34762,0,,0.31202,0.60062,14.55583,1.00430,1,0.65531,0.63433,13.61064,0.99549,1,0,0.00000,10,3.84922,1,3.36284,1,0.00000,0,0.00000,0,0.00000,0,1,1,0,0.00000,0,,56.41420,279.63452,
16,calibration-verification-instructions,477,7.83667,579164998891,0.22380,0.61040,7.13379,0.70288,22,1,0.24983,0.69112,0,0.59405,0.34762,0,,0.30984,0.60148,13.66742,0.98668,0,0.65292,0.63431,13.15308,0.98668,0,289,0.00000,9,3.53944,0,3.32696,0,0.00000,0,0.00000,0,0.00000,0,1,1,0,0.00000,0,,310.38593,203.57771,
16,calibration-verification-instructions,515,8.46484,579171281201,0.55821,0.65063,8.25024,0.21460,23,1,0.65672,0.71476,1,0.59405,0.34762,0,,0.38537,0.59180,14.42662,0.99549,1,0.72892,0.64409,10.89955,0.99549,1,0,0.00000,10,3.71997,1,3.39500,1,0.00000,0,0.00000,0,0.00000,0,1,1,0,0.00000,0,,563.39459,355.70010,
16,calibration-verification-instructions,523,8.59448,579172576312,0.60225,0.81861,8.47827,0.11621,24,1,0.40589,1.31392,1,0.59405,0.34762,0,,0.38464,0.61687,9.29081,0.98668,1,0.72762,0.66436,6.60266,0.98668,0,0,0.00000,10,2.86902,1,2.62701,0,0.00000,0,0.00000,0,0.00000,0,1,1,0,0.00000,0,,191.26854,292.75699,
16,calibration-verification-instructions,593,9.74487,579184081333,0.46021,0.35463,9.30127,0.44360,25,1,0.47557,0.36169,1,0.59405,0.34762,0,,0.38919,0.55702,16.29111,0.99109,1,0.73267,0.61020,13.25063,0.99109,1,0,0.00000,11,4.08978,1,3.37978,1,0.00000,0,0.00000,0,0.00000,0,1,1,0,0.00000,0,,542.48169,116.09627,
17,calibration-verification-image,22,0.36157,579187858714,0.46135,0.34924,0.00000,0.36157,1,1,0.39803,0.22026,1,0.59405,0.34762,0,,0.39177,0.55650,16.96760,1.02192,1,0.73362,0.61090,12.89227,1.02192,1,0,0.00000,11,4.21467,1,3.78627,1,0.00000,0,0.00000,0,0.00000,0,1,1,0,0.00000,0,,5.97477,71.30370,
17,calibration-verification-image,36,0.59106,579190154462,0.30271,0.22631,0.37744,0.21362,2,1,0.21836,0.25815,1,0.59405,0.34762,0,,0.38275,0.55582,16.75924,0.98008,1,0.72484,0.60775,14.64811,0.98889,1,0,0.00000,11,4.51156,1,4.11915,1,0.00000,0,0.00000,0,0.00000,0,1,1,0,0.00000,0,,296.12683,154.15854,
17,calibration-verification-image,93,1.52710,579199515870,0.23308,0.24569,0.60669,0.92041,3,1,0.23729,0.24796,1,0.59405,0.34762,0,,0.37822,0.55940,18.85964,0.97127,1,0.72117,0.61279,17.51853,0.97127,1,0,0.00000,11,4.88049,1,4.48933,1,0.00000,0,0.00000,0,0.00000,0,1,1,0,0.00000,0,,118.73511,189.86816,
17,calibration-verification-image,139,2.28125,579207056891,0.23857,0.24387,1.54248,0.73877,4,1,0.45621,0.22852,1,0.59405,0.34762,0,,0.38494,0.56017,19.18447,0.96356,1,0.72771,0.61351,16.47293,0.96356,1,0,0.00000,11,5.41939,1,4.68657,1,0.00000,0,0.00000,0,0.00000,0,1,1,0,0.00000,0,,9.41910,11.70582,
17,calibration-verification-image,180,2.95605,579213805567,0.47851,0.21370,2.34668,0.60938,5,1,0.48525,0.19722,1,0.59405,0.34762,0,,0.38443,0.56180,19.80411,0.98669,1,0.72759,0.61371,17.97189,0.98669,1,0,0.00000,11,5.40768,1,4.67851,1,0.00000,0,0.00000,0,0.00000,0,1,1,0,0.00000,0,,404.34204,4.49349,
17,calibration-verification-image,221,3.62817,579220525035,0.48809,0.20467,2.97241,0.65576,6,1,0.50334,0.23045,1,0.59405,0.34762,0,,0.37844,0.56168,19.95513,0.97898,1,0.72041,0.61080,17.99047,0.98669,1,0,0.00000,10,5.36604,1,4.68380,1,0.00000,0,0.00000,0,0.00000,0,1,1,0,0.00000,0,,18.67964,30.50304,
17,calibration-verification-image,253,4.15454,579225788329,0.49183,0.22827,3.64404,0.51050,7,1,0.49606,0.24696,1,0.59405,0.34762,0,,0.37788,0.56334,20.05842,0.95585,1,0.72028,0.61147,18.65171,0.95585,1,0,0.00000,10,5.53832,1,4.73148,1,0.00000,0,0.00000,0,0.00000,0,1,1,0,0.00000,0,,25.56416,284.22803,
17,calibration-verification-image,291,4.77979,579232041225,0.50450,0.21122,4.17065,0.60913,8,1,0.69195,0.24319,1,0.59405,0.34762,0,,0.39047,0.56352,20.79470,1.01532,1,0.73254,0.61350,18.76833,1.00651,1,0,0.00000,10,5.93253,1,5.12431,1,0.00000,0,0.00000,0,0.00000,0,1,1,0,0.00000,0,,27.81318,40.06600,
17,calibration-verification-image,339,5.56812,579239924218,0.74341,0.26788,4.84399,0.72412,9,1,0.75888,0.26564,0,0.59405,0.34762,0,,0.39376,0.56589,19.77805,1.02192,0,0.73590,0.61516,18.10431,1.02192,0,291,0.00000,10,5.38544,0,4.77660,0,0.00000,0,0.00000,0,0.00000,0,1,1,0,0.00000,0,,405.75412,351.56870,
17,calibration-verification-image,406,6.66748,579250919173,0.75370,0.24000,5.82983,0.83765,10,1,0.75627,0.27948,1,0.59405,0.34762,0,,0.38981,0.56459,20.89127,0.95585,1,0.73172,0.61366,18.17232,0.95585,1,0,0.00000,10,5.59942,1,4.84734,1,0.00000,0,0.00000,0,0.00000,0,1,1,0,0.00000,0,,33.99728,59.43678,
17,calibration-verification-image,439,7.20947,579256339392,0.74428,0.26219,6.68457,0.52490,11,1,0.74096,0.33322,1,0.59405,0.34762,0,,0.39225,0.56422,21.52192,0.95585,1,0.73422,0.61384,19.03084,0.95585,1,0,0.00000,10,5.79857,1,4.98473,1,0.00000,0,0.00000,0,0.00000,0,1,1,0,0.00000,0,,28.16594,235.81458,
17,calibration-verification-image,471,7.73706,579261613603,0.73108,0.28090,7.22559,0.51147,12,1,0.45585,0.36511,1,0.59405,0.34762,0,,0.38121,0.56817,21.59378,0.96356,1,0.72345,0.61757,19.45638,0.97127,1,0,0.00000,10,6.18748,1,5.44624,1,0.00000,0,0.00000,0,0.00000,0,1,1,0,0.00000,0,,29.62635,221.53735,
17,calibration-verification-image,613,10.06958,579284939185,0.22836,0.44551,7.80396,2.26563,13,1,0.21799,0.39827,1,0.59405,0.34762,0,,0.36465,0.57393,19.88791,1.05716,1,0.70752,0.62072,17.01126,1.05716,1,0,0.00000,10,5.29985,1,4.79888,1,0.00000,0,0.00000,0,0.00000,0,1,1,0,0.00000,0,,862.07397,191.56586,
17,calibration-verification-image,645,10.59375,579290181318,0.23757,0.44271,10.08447,0.50928,14,1,0.46663,0.41308,1,0.59405,0.34762,0,,0.37537,0.57164,20.46510,1.03954,1,0.71806,0.61936,17.34856,1.03954,1,0,0.00000,10,5.33850,1,4.41045,1,0.00000,0,0.00000,0,0.00000,0,1,1,0,0.00000,0,,15.74964,10.75846,
17,calibration-verification-image,676,11.10303,579295274504,0.48338,0.43571,10.65942,0.44360,15,1,0.43524,0.71588,0,0.59405,0.34762,0,,0.37703,0.57147,19.50487,0.95585,0,0.71962,0.62275,12.46038,0.95585,0,292,0.00000,10,5.31875,0,3.74323,0,0.00000,0,0.00000,0,0.00000,0,1,1,0,0.00000,0,,413.02615,1.01966,
17,calibration-verification-image,788,12.94287,579313673726,0.50512,0.41860,11.41455,1.52832,16,1,0.52746,0.44464,1,0.59405,0.34762,0,,0.36634,0.57907,21.05263,1.01312,1,0.70750,0.62662,17.29890,1.01312,1,0,0.00000,10,5.37706,1,4.57033,1,0.00000,0,0.00000,0,0.00000,0,1,1,0,0.00000,0,,40.70262,26.19226,
17,calibration-verification-image,802,13.17334,579315977834,0.65026,0.45667,12.95947,0.21387,17,1,0.71402,0.48218,1,0.59405,0.34762,0,,0.37540,0.57979,20.95652,0.99550,1,0.71596,0.62744,17.25722,0.99550,1,0,0.00000,10,5.61498,1,4.63210,1,0.00000,0,0.00000,0,0.00000,0,1,1,0,0.00000,0,,247.09003,350.68994,
17,calibration-verification-image,875,14.37231,579327966520,0.74691,0.47807,13.18945,1.18286,18,1,0.72893,0.44343,1,0.59405,0.34762,0,,0.37185,0.57898,20.56320,1.05716,1,0.71269,0.62550,17.03802,1.04835,1,0,0.00000,10,5.63818,1,4.51331,1,0.00000,0,0.00000,0,0.00000,0,1,1,0,0.00000,0,,163.91934,352.12109,
17,calibration-verification-image,946,15.53857,579339630776,0.74079,0.48368,14.38892,1.14966,19,1,0.55382,0.45114,1,0.59405,0.34762,0,,0.36092,0.58191,20.88222,1.03073,1,0.70251,0.62698,17.06157,1.03954,1,0,0.00000,10,5.72415,1,4.83579,1,0.00000,0,0.00000,0,0.00000,0,1,1,0,0.00000,0,,11.84937,209.80951,
17,calibration-verification-image,965,15.85107,579342753568,0.27225,0.62890,15.60474,0.24634,20,1,0.22888,0.59619,1,0.59405,0.34762,0,,0.34776,0.58665,20.94405,1.04835,1,0.68951,0.63194,18.51669,1.03954,1,0,0.00000,10,5.49450,1,5.01936,1,0.00000,0,0.00000,0,0.00000,0,1,1,0,0.00000,0,,801.78003,190.96317,
17,calibration-verification-image,992,16.29834,579347226878,0.24399,0.66338,15.86816,0.43018,21,1,0.25863,0.77378,0,0.59405,0.34762,0,,0.34917,0.59698,9.07759,1.05716,0,0.68987,0.63017,8.79401,1.05716,0,0,0.00000,10,4.16777,0,4.20040,0,0.00000,0,0.00000,0,0.00000,0,1,1,0,0.00000,0,,59.70578,217.32779,
17,calibration-verification-image,1079,17.72412,579361485106,0.24022,0.68824,16.65625,1.06787,22,1,0.27629,0.74113,1,0.59405,0.34762,0,,0.34922,0.58568,18.88917,0.93273,1,0.69117,0.63151,16.85006,0.92502,1,0,0.00000,11,4.97921,1,4.51919,1,0.00000,0,0.00000,0,0.00000,0,1,1,0,0.00000,0,,26.86037,256.36133,
17,calibration-verification-image,1103,18.11841,579365427028,0.27477,0.70181,17.73999,0.37842,23,1,0.45217,0.69260,1,0.59405,0.34762,0,,0.35896,0.58487,20.14954,1.02193,1,0.70069,0.63072,16.36205,1.02193,1,0,0.00000,11,5.11071,1,4.50194,1,0.00000,0,0.00000,0,0.00000,0,1,1,0,0.00000,0,,59.76728,346.20786,
17,calibration-verification-image,1242,20.40137,579388256594,0.50656,0.68417,18.18359,2.21777,24,1,0.67738,0.75813,1,0.59405,0.34762,0,,0.36566,0.58662,19.67239,1.02303,1,0.70703,0.63323,15.60365,1.00651,1,0,0.00000,11,5.25878,1,4.04155,1,0.00000,0,0.00000,0,0.00000,0,1,1,0,0.00000,0,,389.84753,2.72320,
17,calibration-verification-image,1260,20.69751,579391218950,0.81965,0.92326,20.46704,0.23047,25,1,0.69028,0.89606,1,0.59405,0.34762,0,,0.36820,0.58802,16.73563,0.95585,1,0.70936,0.63658,9.59401,0.95585,0,0,0.00000,11,5.01667,1,3.25504,0,0.00000,0,0.00000,0,0.00000,0,1,1,0,0.00000,0,,582.82928,334.48584,
17,calibration-verification-image,1295,21.27222,579396966185,0.74317,0.75933,20.76318,0.50903,26,1,0.76713,0.69777,1,0.59405,0.34762,0,,0.36837,0.58797,18.98890,1.00566,1,0.71029,0.63465,15.13569,1.00566,1,0,0.00000,11,4.91318,1,3.80434,1,0.00000,0,0.00000,0,0.00000,0,1,1,0,0.00000,0,,214.79356,126.74004,
17,calibration-verification-image,1352,22.20898,579406334927,0.76564,0.70523,21.28857,0.92041,27,1,0.73174,0.73411,1,0.59405,0.34762,0,,0.36830,0.57468,19.96360,0.97237,1,0.70996,0.62221,16.57438,0.97237,1,0,0.00000,10,5.23393,1,4.25771,1,0.00000,0,0.00000,0,0.00000,0,1,1,0,0.00000,0,,68.20436,56.39404,
17,calibration-verification-image,1415,23.24390,579416683329,0.74546,0.74961,22.22534,1.01855,28,1,0.62520,0.71990,1,0.59405,0.34762,0,,0.37102,0.58182,19.43259,1.03184,1,0.71205,0.63054,16.52536,1.04835,1,0,0.00000,9,5.26744,1,4.38270,1,0.00000,0,0.00000,0,0.00000,0,1,1,0,0.00000,0,,57.62677,233.96274,
17,calibration-verification-image,1435,23.57251,579419969369,0.30869,0.55390,23.30908,0.26343,29,1,0.26927,0.40112,1,0.59405,0.34762,0,,0.35601,0.57401,19.59684,0.98669,1,0.69674,0.62043,16.72519,0.98669,1,0,0.00000,9,5.18049,1,4.80566,1,0.00000,0,0.00000,0,0.00000,0,1,1,0,0.00000,0,,762.00525,164.35493,
17,calibration-verification-image,1444,23.72046,579421448023,0.25133,0.37078,23.63794,0.08252,30,1,0.26104,0.30582,1,0.59405,0.34762,0,,0.35727,0.56870,18.60587,0.98669,1,0.69753,0.61633,17.09606,0.98669,1,0,0.00000,9,5.17851,1,4.68190,1,0.00000,0,0.00000,0,0.00000,0,1,1,0,0.00000,0,,215.07269,116.61910,
19,page1-instructions,8,0.13110,579422918917,0.25033,0.33047,0.00000,0.13110,1,1,0.23768,0.29121,1,0.59405,0.34762,0,,0.35809,0.57050,19.04488,1.00431,1,0.69840,0.61882,16.76679,1.01312,1,0,0.00000,9,5.07811,1,4.63738,1,0.00000,0,0.00000,0,0.00000,0,1,1,0,0.00000,0,,42.35883,92.27296,
19,page1-instructions,27,0.44360,579426042143,0.25174,0.23371,0.14746,0.29614,2,1,0.26366,0.15105,1,0.59405,0.34762,0,,0.36267,0.56798,18.53944,0.97898,1,0.70198,0.61465,16.82821,0.98779,1,0,0.00000,9,4.93710,1,4.49817,1,0.00000,0,0.00000,0,0.00000,0,1,1,0,0.00000,0,,101.62560,88.66437,
19,page1-instructions,44,0.72412,579428849539,0.33725,0.09707,0.45996,0.26416,3,1,0.42104,0.09331,1,0.59405,0.34762,0,,0.37320,0.56415,13.84881,0.98889,1,0.71247,0.61369,11.47538,0.97237,1,0,0.00000,9,4.87562,1,4.08409,1,0.00000,0,0.00000,0,0.00000,0,1,1,0,0.00000,0,,203.03076,44.96313,
19,page1-instructions,58,0.95654,579431172426,0.27043,0.09088,0.74097,0.21558,4,1,0.17948,0.09856,1,0.59405,0.34762,0,,0.36100,0.56352,11.92838,0.95585,1,0.70014,0.61086,9.71101,0.95585,1,0,0.00000,9,3.45710,1,2.82973,1,0.00000,0,0.00000,0,0.00000,0,1,1,0,0.00000,0,,112.44563,176.68639,
19,page1-instructions,74,1.21802,579433786136,0.22014,0.06575,0.97290,0.24512,5,1,0.44363,-0.01803,1,0.59405,0.34762,0,,0.36908,0.56673,13.43438,1.02303,1,0.70762,0.60941,9.95350,1.03184,1,0,0.00000,9,4.47038,1,2.90479,1,0.00000,0,0.00000,0,0.00000,0,1,1,0,0.00000,0,,88.51176,162.65572,
19,page1-instructions,90,1.47998,579436407288,0.58578,0.03146,1.28369,0.19629,6,1,0.62301,0.06326,1,0.59405,0.34762,0,,0.37632,0.56443,14.86421,0.98669,1,0.71641,0.60919,10.96841,0.98669,1,0,0.00000,9,4.37262,1,3.13006,1,0.00000,0,0.00000,0,0.00000,0,1,1,0,0.00000,0,,615.32947,3.35444,
19,page1-instructions,116,1.90552,579440663380,0.85819,0.09618,1.54614,0.35938,7,1,0.88142,0.12281,1,0.59405,0.34762,0,,0.38621,0.56587,16.76161,0.93454,1,0.72696,0.61117,12.41046,0.94134,1,0,0.00000,9,4.83335,1,3.58751,1,0.00000,0,0.00000,0,0.00000,0,1,1,0,0.00000,0,,462.66660,351.55389,
19,page1-instructions,126,2.06982,579442305243,0.89417,0.17869,1.92188,0.14795,8,1,0.90253,0.27164,0,0.59405,0.34762,0,,0.38553,0.57271,9.69367,0.98429,0,0.72853,0.61380,7.86098,0.99109,0,294,0.00000,9,4.18949,0,3.39294,0,0.00000,0,0.00000,0,0.00000,0,1,1,0,0.00000,0,,105.63844,304.90384,
19,page1-instructions,162,2.66089,579448217140,0.73453,0.07461,2.33252,0.32837,9,1,0.71528,0.05622,1,0.59405,0.34762,0,,0.37754,0.56351,18.25328,0.99550,1,0.71731,0.61107,15.16613,0.98779,1,0,0.00000,10,4.69808,1,4.36342,1,0.00000,0,0.00000,0,0.00000,0,1,1,0,0.00000,0,,289.60605,157.83012,
19,page1-instructions,178,2.92358,579450844075,0.71677,0.10754,2.67773,0.24585,10,1,0.36457,0.11574,1,0.59405,0.34762,0,,0.36258,0.56539,17.91516,0.99550,1,0.70253,0.61142,14.99134,1.00431,1,0,0.00000,9,4.50132,1,4.38785,1,0.00000,0,0.00000,0,0.00000,0,1,1,0,0.00000,0,,45.67022,229.20839,
19,page1-instructions,196,3.22046,579453812362,0.30255,0.15210,2.98975,0.23071,11,1,0.27827,0.15795,1,0.59405,0.34762,0,,0.35523,0.56723,17.85598,0.99109,1,0.69536,0.61147,15.44724,0.99109,1,0,0.00000,9,4.75600,1,4.20505,1,0.00000,0,0.00000,0,0.00000,0,1,1,0,0.00000,0,,697.46075,183.84648,
19,page1-instructions,209,3.43359,579455942637,0.40683,0.12925,3.23755,0.19604,12,1,0.51725,0.08503,1,0.59405,0.34762,0,,0.36651,0.56669,18.27245,1.03955,1,0.70597,0.61314,14.81455,1.03074,1,0,0.00000,9,4.56518,1,4.23109,1,0.00000,0,0.00000,0,0.00000,0,1,1,0,0.00000,0,,176.82573,7.79820,
19,page1-instructions,226,3.71289,579458735333,0.55713,0.12116,3.44995,0.26294,13,1,0.59388,0.11043,1,0.59405,0.34762,0,,0.37139,0.56787,17.83099,1.03074,1,0.71150,0.61429,14.30864,1.02193,1,0,0.00000,9,4.62549,1,4.04328,1,0.00000,0,0.00000,0,0.00000,0,1,1,0,0.00000,0,,252.64680,1.92677,
19,page1-instructions,239,3.92773,579460884822,0.41009,0.20853,3.73120,0.19653,14,1,0.17129,0.34314,1,0.59405,0.34762,0,,0.35299,0.57159,17.49502,0.98118,1,0.69271,0.61718,15.39292,0.98999,1,0,0.00000,9,4.55286,1,4.03023,1,0.00000,0,0.00000,0,0.00000,0,1,1,0,0.00000,0,,263.51166,200.37347,
19,page1-instructions,250,4.10718,579462679134,0.16039,0.40469,3.99243,0.11475,15,1,0.12533,0.64690,0,0.59405,0.34762,0,,0.35023,0.57293,16.42002,0.92502,0,0.69080,0.62062,10.61684,0.92502,0,295,0.00000,9,4.50925,0,3.74469,0,0.00000,0,0.00000,0,0.00000,0,1,1,0,0.00000,0,,467.33252,206.15054,
19,page1-instructions,282,4.63281,579467936219,0.52927,0.27975,4.42065,0.21216,16,1,0.68605,0.28190,1,0.59405,0.34762,0,,0.37151,0.57463,17.98160,1.01312,1,0.71096,0.62039,13.68018,1.01312,1,0,0.00000,10,4.71931,1,4.08446,1,0.00000,0,0.00000,0,0.00000,0,1,1,0,0.00000,0,,633.45160,11.95238,
19,page1-instructions,299,4.91162,579470722207,0.79157,0.32294,4.70239,0.20923,17,1,0.83426,0.31541,1,0.59405,0.34762,0,,0.37849,0.57628,16.17328,1.03074,1,0.71761,0.62297,12.21480,1.02193,1,0,0.00000,10,4.59798,1,4.39492,1,0.00000,0,0.00000,0,0.00000,0,1,1,0,0.00000,0,,442.99142,354.12427,
19,page1-instructions,312,5.12769,579472884326,0.57573,0.42994,4.92822,0.19946,18,1,0.37770,0.53290,1,0.59405,0.34762,0,,0.36066,0.58276,14.78063,1.02193,1,0.70092,0.62815,13.08632,1.02193,1,0,0.00000,10,3.81375,1,3.58727,1,0.00000,0,0.00000,0,0.00000,0,1,1,0,0.00000,0,,379.61746,197.21486,
19,page1-instructions,338,5.55640,579477170494,0.27871,0.54721,5.24487,0.31152,19,1,0.51136,0.51390,1,0.59405,0.34762,0,,0.36488,0.58321,14.34235,0.97898,1,0.70271,0.62795,8.85350,0.97898,1,0,0.00000,10,4.23618,1,2.88822,1,0.00000,0,0.00000,0,0.00000,0,1,1,0,0.00000,0,,513.96155,193.86159,
19,page1-instructions,355,5.83154,579479921605,0.69157,0.53107,5.62061,0.21094,20,1,0.80946,0.58349,1,0.59405,0.34762,0,,0.37756,0.58410,15.12114,1.01312,1,0.71684,0.63074,11.94512,1.02193,1,0,0.00000,10,4.14588,1,3.78287,1,0.00000,0,0.00000,0,0.00000,0,1,1,0,0.00000,0,,693.81171,1.39964,
19,page1-instructions,369,6.06396,579482246005,0.70327,0.56951,5.84863,0.21533,21,1,0.34812,0.69274,1,0.59405,0.34762,0,,0.35866,0.59059,13.82697,1.05716,1,0.69843,0.63528,12.82173,1.06733,1,0,0.00000,10,3.86081,1,3.44767,1,0.00000,0,0.00000,0,0.00000,0,1,1,0,0.00000,0,,44.89381,295.96588,
19,page1-instructions,391,6.42505,579485858441,0.26912,0.83561,6.13110,0.29395,22,1,0.20990,0.77996,1,0.59405,0.34762,0,,0.35130,0.59290,15.62815,1.03955,1,0.69210,0.63699,14.78416,1.03955,1,0,0.00000,10,4.01383,1,3.73730,1,0.00000,0,0.00000,0,0.00000,0,1,1,0,0.00000,0,,781.05743,200.96065,
19,page1-instructions,413,6.78613,579489469269,0.48982,0.78619,6.49097,0.29517,23,1,0.63695,0.82890,1,0.59405,0.34762,0,,0.37086,0.59256,15.82743,0.98889,1,0.71220,0.63748,12.42783,0.97237,1,0,0.00000,10,4.14809,1,3.48717,1,0.00000,0,0.00000,0,0.00000,0,1,1,0,0.00000,0,,374.38950,7.96694,
19,page1-instructions,432,7.09668,579492574585,0.70058,0.82250,6.85181,0.24487,24,1,0.74458,0.82212,1,0.59405,0.34762,0,,0.37489,0.59378,16.78452,0.99550,1,0.71565,0.63944,12.86433,0.98669,1,0,0.00000,10,4.42648,1,3.44099,1,0.00000,0,0.00000,0,0.00000,0,1,1,0,0.00000,0,,356.12347,353.85431,
19,page1-instructions,446,7.33008,579494907968,0.63524,0.81154,7.11377,0.21631,25,1,0.57735,0.73015,1,0.59405,0.34762,0,,0.36468,0.59303,14.61353,1.02193,1,0.70520,0.63707,11.95993,1.02193,1,0,0.00000,10,4.02209,1,3.47930,1,0.00000,0,0.00000,0,0.00000,0,1,1,0,0.00000,0,,110.37270,174.01518,
12,page1,22,0.36011,579498822477,0.56929,0.77841,0.00000,0.36011,2,1,0.30109,0.86045,0,0.59405,0.34762,0,,0.35689,0.59450,13.55476,1.05717,0,0.69635,0.63800,6.41363,1.05717,0,296,0.00000,10,3.63008,0,2.22111,0,0.00000,0,0.00000,0,0.00000,0,1,1,0,0.00000,0,,116.12868,162.56935,
12,page1,73,1.19873,579507206808,0.34680,0.06462,0.62524,0.57349,3,1,0.44180,0.10417,1,0.59405,0.34762,0,,0.35543,0.56964,15.00777,0.96356,1,0.69455,0.61452,11.13654,0.97127,1,0,0.00000,11,4.51301,1,4.21276,1,0.00000,0,0.00000,0,0.00000,0,1,1,0,0.00000,0,,837.51617,116.50651,
12,page1,87,1.42725,579509493931,0.43608,0.05899,1.21509,0.21216,4,1,0.40093,0.23781,0,0.59405,0.34762,0,,0.35667,0.56906,14.74513,0.98669,0,0.69667,0.61629,10.93599,0.98669,0,297,0.00000,11,4.59977,0,3.73979,0,0.00000,0,0.00000,0,0.00000,0,1,1,0,0.00000,0,,150.10686,2.25700,
12,page1,132,2.16650,579516886656,0.48666,0.07161,1.64136,0.52515,5,1,0.54698,0.09137,1,0.59405,0.34762,0,,0.35509,0.56721,18.70483,1.01312,1,0.69461,0.61095,15.82767,1.00431,1,0,0.00000,12,4.75641,1,4.56183,1,0.00000,0,0.00000,0,0.00000,0,1,1,0,0.00000,0,,86.00134,351.13663,
12,page1,159,2.61084,579521327956,0.52956,0.07164,2.18359,0.42725,6,1,0.50022,0.03401,1,0.59405,0.34762,0,,0.35517,0.56775,18.73549,1.03955,1,0.69446,0.61204,16.13667,1.03955,1,0,0.00000,12,4.71713,1,4.55065,1,0.00000,0,0.00000,0,0.00000,0,1,1,0,0.00000,0,,72.07203,359.97498,
12,page1,174,2.85645,579523785783,0.57096,0.07963,2.62646,0.22998,7,1,0.59804,0.09498,1,0.59405,0.34762,0,,0.35868,0.56861,19.14288,1.02193,1,0.69827,0.61248,16.77453,1.02193,1,0,0.00000,12,4.85140,1,4.56151,1,0.00000,0,0.00000,0,0.00000,0,1,1,0,0.00000,0,,70.05609,353.12210,
12,page1,230,3.77661,579532986825,0.60029,0.07129,2.87305,0.90356,8,1,0.61966,0.08921,1,0.59405,0.34762,0,,0.36116,0.56897,19.66365,0.99550,1,0.70104,0.61411,17.46351,0.99550,1,0,0.00000,11,5.22003,1,4.79734,1,0.00000,0,0.00000,0,0.00000,0,1,1,0,0.00000,0,,50.04650,10.07734,
12,page1,243,3.99048,579535126357,0.62207,0.09276,3.79395,0.19653,9,1,0.60387,0.18590,0,0.59405,0.34762,0,,0.36289,0.56832,20.40323,0.98669,0,0.70265,0.61389,17.41718,0.98669,0,298,0.00000,11,5.24874,0,4.57422,0,0.00000,0,0.00000,0,0.00000,0,1,1,0,0.00000,0,,42.97756,328.36264,
12,page1,277,4.54980,579540717534,0.35911,0.16617,4.20459,0.34521,10,1,0.34583,0.19901,1,0.59405,0.34762,0,,0.34529,0.56962,20.27442,0.95586,1,0.68561,0.61168,17.89041,0.95586,1,0,0.00000,12,5.30331,1,4.46905,1,0.00000,0,0.00000,0,0.00000,0,1,1,0,0.00000,0,,448.44693,189.89732,
12,page1,302,4.95972,579544817638,0.35738,0.14394,4.56567,0.39404,11,1,0.44997,0.17015,1,0.59405,0.34762,0,,0.34986,0.56942,20.15082,0.98669,1,0.69007,0.61211,18.01921,0.98669,1,0,0.00000,12,5.40170,1,4.57945,1,0.00000,0,0.00000,0,0.00000,0,1,1,0,0.00000,0,,23.52175,97.09782,
12,page1,325,5.33813,579548602932,0.45975,0.14626,4.97607,0.36206,12,1,0.48345,0.18046,1,0.59405,0.34762,0,,0.35380,0.56995,19.68585,0.98008,1,0.69353,0.61303,17.97423,0.97237,1,0,0.00000,12,5.13881,1,4.54880,1,0.00000,0,0.00000,0,0.00000,0,1,1,0,0.00000,0,,171.99887,359.18851,
12,page1,347,5.69922,579552211452,0.47136,0.13021,5.35400,0.34521,13,1,0.37640,0.10849,1,0.59405,0.34762,0,,0.35157,0.57092,19.22872,1.03074,1,0.69161,0.61529,17.55128,1.02193,1,0,0.00000,12,5.04349,1,4.56169,1,0.00000,0,0.00000,0,0.00000,0,1,1,0,0.00000,0,,25.77682,40.82756,
12,page1,369,6.06006,579555822004,0.35954,0.15580,5.71558,0.34448,14,1,0.32966,0.20812,1,0.59405,0.34762,0,,0.34809,0.57149,19.03301,0.99550,1,0.68778,0.61568,17.11016,1.00431,1,0,0.00000,11,5.11488,1,4.62496,1,0.00000,0,0.00000,0,0.00000,0,1,1,0,0.00000,0,,189.76953,188.13988,
12,page1,407,6.68506,579562071949,0.33472,0.19148,6.07837,0.60669,15,1,0.35597,0.16480,1,0.59405,0.34762,0,,0.34916,0.57244,19.92495,1.02193,1,0.68958,0.61636,18.13538,1.01312,1,0,0.00000,11,5.20869,1,4.47721,1,0.00000,0,0.00000,0,0.00000,0,1,1,0,0.00000,0,,56.05568,221.93874,
12,page1,443,7.27710,579567990216,0.37198,0.17660,6.70142,0.57568,16,1,0.39460,0.23153,0,0.59405,0.34762,0,,0.34827,0.57495,17.49220,1.04836,0,0.68890,0.61649,17.42693,1.05717,0,299,0.00000,11,5.22801,0,4.62678,0,0.00000,0,0.00000,0,0.00000,0,1,1,0,0.00000,0,,64.51720,14.01454,
12,page1,497,8.16309,579576851735,0.40849,0.14099,7.49048,0.67261,17,1,0.46064,0.14767,1,0.59405,0.34762,0,,0.35124,0.57205,19.27195,0.99550,1,0.69210,0.61526,16.04271,0.99550,1,0,0.00000,12,4.77697,1,4.16952,1,0.00000,0,0.00000,0,0.00000,0,1,1,0,0.00000,0,,71.83488,31.36620,
12,page1,517,8.49341,579580154893,0.49654,0.14961,8.18042,0.31299,18,1,0.58584,0.20887,1,0.59405,0.34762,0,,0.35945,0.57310,19.61562,1.00431,1,0.70010,0.61760,16.81888,0.99550,1,0,0.00000,12,5.13444,1,4.24641,1,0.00000,0,0.00000,0,0.00000,0,1,1,0,0.00000,0,,148.20065,356.49863,
12,page1,541,8.88599,579584081348,0.59862,0.16943,8.50952,0.37646,19,1,0.64877,0.14064,1,0.59405,0.34762,0,,0.36223,0.57256,20.01352,1.00431,1,0.70280,0.61786,17.34734,0.99550,1,0,0.00000,12,5.24607,1,4.54053,1,0.00000,0,0.00000,0,0.00000,0,1,1,0,0.00000,0,,172.75249,353.08093,
12,page1,562,9.23242,579587544783,0.61765,0.17807,8.90308,0.32935,20,1,0.36536,0.23438,1,0.59405,0.34762,0,,0.35098,0.57595,19.93741,1.01312,1,0.69126,0.61879,16.11544,1.01312,1,0,0.00000,12,5.44522,1,4.59624,1,0.00000,0,0.00000,0,0.00000,0,1,1,0,0.00000,0,,33.23262,344.15805,
12,page1,590,9.69238,579592145182,0.34006,0.24400,9.29663,0.39575,21,1,0.31849,0.27589,1,0.59405,0.34762,0,,0.34514,0.57667,18.78129,1.01422,1,0.68617,0.61994,17.18679,1.01422,1,0,0.00000,12,5.22132,1,4.42222,1,0.00000,0,0.00000,0,0.00000,0,1,1,0,0.00000,0,,471.46130,188.44348,
12,page1,623,10.23291,579597549535,0.32790,0.28453,9.71143,0.52148,22,1,0.31816,0.23481,1,0.59405,0.34762,0,,0.34457,0.57710,19.34583,1.04065,1,0.68610,0.62004,17.07287,1.03184,1,0,0.00000,12,5.23487,1,4.44052,1,0.00000,0,0.00000,0,0.00000,0,1,1,0,0.00000,0,,47.20582,244.35718,
12,page1,643,10.56250,579600844558,0.32709,0.28589,10.24927,0.31323,23,1,0.28780,0.31462,0,0.59405,0.34762,0,,0.34412,0.57820,19.08603,1.02193,0,0.68593,0.62138,16.62408,1.02193,0,300,0.00000,12,5.21483,0,4.32635,0,0.00000,0,0.00000,0,0.00000,0,1,1,0,0.00000,0,,1.97259,226.37970,
12,page1,688,11.30127,579608232615,0.37508,0.23526,10.82446,0.47681,24,1,0.41089,0.27677,1,0.59405,0.34762,0,,0.34991,0.57718,17.77111,0.98669,1,0.69195,0.62030,14.77009,0.98669,1,0,0.00000,13,4.37401,1,4.04236,1,0.00000,0,0.00000,0,0.00000,0,1,1,0,0.00000,0,,96.57253,33.40015,
12,page1,713,11.71167,579612338089,0.40624,0.24275,11.31812,0.39355,25,1,0.44736,0.26700,1,0.59405,0.34762,0,,0.35329,0.57681,17.66183,1.01312,1,0.69491,0.62059,14.35958,1.02193,1,0,0.00000,13,4.47857,1,3.95740,1,0.00000,0,0.00000,0,0.00000,0,1,1,0,0.00000,0,,52.93621,351.45618,
12,page1,733,12.04077,579615628162,0.48125,0.23982,11.72778,0.31299,26,1,0.56082,0.29737,1,0.59405,0.34762,0,,0.35722,0.57667,17.95039,1.00431,1,0.69853,0.62180,14.30149,1.01312,1,0,0.00000,13,4.59044,1,4.12326,1,0.00000,0,0.00000,0,0.00000,0,1,1,0,0.00000,0,,126.05439,1.39850,
12,page1,758,12.45313,579619750619,0.56174,0.28033,12.05713,0.39600,27,1,0.62735,0.29513,1,0.59405,0.34762,0,,0.36167,0.57723,18.00456,0.98669,1,0.70314,0.62214,14.93922,0.97898,1,0,0.00000,13,4.83813,1,4.16457,1,0.00000,0,0.00000,0,0.00000,0,1,1,0,0.00000,0,,141.75531,342.53864,
12,page1,804,13.20679,579627287222,0.66257,0.27421,12.46753,0.73926,28,1,0.67904,0.25086,1,0.59405,0.34762,0,,0.36051,0.57835,17.06242,1.03074,1,0.70127,0.62122,14.20285,1.02193,1,0,0.00000,13,4.74649,1,3.99886,1,0.00000,0,0.00000,0,0.00000,0,1,1,0,0.00000,0,,169.51625,2.17248,
12,page1,841,13.81445,579633364243,0.58126,0.28201,13.51953,0.29492,29,1,0.40119,0.32465,1,0.59405,0.34762,0,,0.35048,0.57895,17.23543,1.01312,1,0.69208,0.62313,14.69228,1.02193,1,0,0.00000,13,4.54951,1,3.90150,1,0.00000,0,0.00000,0,0.00000,0,1,1,0,0.00000,0,,136.84601,183.43109,
12,page1,864,14.19214,579637141668,0.35774,0.33143,13.87964,0.31250,30,1,0.32653,0.35926,1,0.59405,0.34762,0,,0.34589,0.57924,17.64026,0.98669,1,0.68782,0.62288,15.60188,0.98669,1,0,0.00000,13,4.45583,1,3.95628,1,0.00000,0,0.00000,0,0.00000,0,1,1,0,0.00000,0,,379.08197,187.86769,
12,page1,882,14.48804,579640100769,0.31749,0.29568,14.20850,0.27954,31,1,0.31148,0.27954,1,0.59405,0.34762,0,,0.34713,0.57988,17.15675,1.03074,1,0.68893,0.62353,15.33351,1.02193,1,0,0.00000,13,4.36206,1,3.83903,1,0.00000,0,0.00000,0,0.00000,0,1,1,0,0.00000,0,,77.34034,150.96428,
12,page1,919,15.09595,579646180680,0.32660,0.31015,14.50415,0.59180,32,1,0.35078,0.34259,1,0.59405,0.34762,0,,0.34792,0.57915,17.68715,1.00651,1,0.68972,0.62308,15.85718,0.99881,1,0,0.00000,13,4.67550,1,4.00371,1,0.00000,0,0.00000,0,0.00000,0,1,1,0,0.00000,0,,21.56567,315.20898,
12,page1,946,15.53931,579650612692,0.37356,0.32145,15.11279,0.42651,33,1,0.37703,0.33733,1,0.59405,0.34762,0,,0.35041,0.57805,18.41830,0.95586,1,0.69198,0.62160,16.12395,0.95586,1,0,0.00000,13,4.82576,1,4.19268,1,0.00000,0,0.00000,0,0.00000,0,1,1,0,0.00000,0,,79.78004,351.44717,
12,page1,967,15.88501,579654070255,0.35193,0.31484,15.55615,0.32886,34,1,0.31285,0.31831,1,0.59405,0.34762,0,,0.34667,0.57849,18.77016,1.03074,1,0.68872,0.62168,16.67770,1.03074,1,0,0.00000,13,5.07405,1,4.25541,1,0.00000,0,0.00000,0,0.00000,0,1,1,0,0.00000,0,,36.99530,169.18697,
12,page1,1008,16.55786,579660798962,0.33813,0.32550,15.90137,0.65649,35,1,0.40059,0.30880,1,0.59405,0.34762,0,,0.35266,0.57766,18.55802,0.98889,1,0.69451,0.62266,16.28512,0.98889,1,0,0.00000,13,4.96282,1,4.13800,1,0.00000,0,0.00000,0,0.00000,0,1,1,0,0.00000,0,,25.74451,205.77086,
12,page1,1039,17.06982,579665917773,0.40512,0.30710,16.57446,0.49536,36,1,0.40913,0.30197,1,0.59405,0.34762,0,,0.35126,0.57974,17.14544,1.01312,1,0.69312,0.62477,14.52319,1.02193,1,0,0.00000,13,4.32942,1,3.92714,1,0.00000,0,0.00000,0,0.00000,0,1,1,0,0.00000,0,,114.18942,9.74089,
12,page1,1071,17.59302,579671150951,0.41876,0.29817,17.08545,0.50757,37,1,0.58394,0.30462,1,0.59405,0.34762,0,,0.35965,0.57817,17.28884,1.03955,1,0.70063,0.62337,14.82206,1.03955,1,0,0.00000,13,4.73610,1,4.01498,1,0.00000,0,0.00000,0,0.00000,0,1,1,0,0.00000,0,,24.75936,22.25349,
12,page1,1098,18.03833,579675603600,0.59575,0.30775,17.65918,0.37915,38,1,0.62558,0.31664,1,0.59405,0.34762,0,,0.36060,0.57932,17.99648,1.03955,1,0.70175,0.62357,15.08202,1.03955,1,0,0.00000,13,4.84600,1,3.95852,1,0.00000,0,0.00000,0,0.00000,0,1,1,0,0.00000,0,,297.51328,358.06244,
12,page1,1121,18.41504,579679369624,0.64969,0.33633,18.05273,0.36230,39,1,0.65136,0.37317,1,0.59405,0.34762,0,,0.36193,0.58055,17.18898,0.97898,1,0.70287,0.62487,14.26126,0.97898,1,0,0.00000,13,4.73048,1,4.11300,1,0.00000,0,0.00000,0,0.00000,0,1,1,0,0.00000,0,,95.45873,341.67743,
12,page1,1147,18.84277,579683648877,0.67620,0.34238,18.43042,0.41235,40,1,0.67965,0.30378,1,0.59405,0.34762,0,,0.36024,0.58155,17.71667,1.05717,1,0.70117,0.62556,14.61143,1.05717,1,0,0.00000,13,4.74164,1,3.97336,1,0.00000,0,0.00000,0,0.00000,0,1,1,0,0.00000,0,,44.98763,351.88239,
12,page1,1217,19.99268,579695147150,0.34033,0.41633,18.95728,1.03540,41,1,0.32557,0.41957,0,0.59405,0.34762,0,,0.34667,0.58544,16.28141,1.05717,0,0.68903,0.62701,15.96841,1.05717,0,302,0.00000,13,4.68621,0,3.97359,0,0.00000,0,0.00000,0,0.00000,0,1,1,0,0.00000,0,,569.57904,187.83521,
12,page1,1252,20.56812,579700902474,0.38066,0.40579,20.30347,0.26465,42,1,0.39066,0.36847,1,0.59405,0.34762,0,,0.34960,0.58356,16.92364,1.01312,1,0.69174,0.62758,15.26657,1.01312,1,0,0.00000,14,4.31029,1,3.80158,1,0.00000,0,0.00000,0,0.00000,0,1,1,0,0.00000,0,,68.65229,9.27678,
12,page1,1285,21.10791,579706300243,0.41426,0.39924,20.58496,0.52295,43,1,0.45086,0.43379,1,0.59405,0.34762,0,,0.35200,0.58311,16.25683,1.01312,1,0.69364,0.62749,14.05321,1.01312,1,0,0.00000,14,4.22425,1,3.74131,1,0.00000,0,0.00000,0,0.00000,0,1,1,0,0.00000,0,,56.86543,6.94656,
12,page1,1358,22.30713,579718292730,0.45243,0.40458,21.12451,1.18262,44,1,0.49090,0.48123,1,0.59405,0.34762,0,,0.35439,0.58751,17.23259,0.99550,1,0.69620,0.63164,14.71295,1.00431,1,0,0.00000,14,4.66319,1,3.91622,1,0.00000,0,0.00000,0,0.00000,0,1,1,0,0.00000,0,,64.37028,355.00290,
12,page1,1379,22.65234,579721743172,0.48484,0.50147,22.32373,0.32861,45,1,0.49514,0.56767,1,0.59405,0.34762,0,,0.35333,0.59308,18.54821,1.01312,1,0.69615,0.63426,14.69285,1.02193,1,0,0.00000,14,4.82288,1,3.99154,1,0.00000,0,0.00000,0,0.00000,0,1,1,0,0.00000,0,,115.38884,298.15588,
12,page1,1394,22.89868,579724208302,0.50790,0.64145,22.66870,0.22998,46,1,0.51791,0.73832,1,0.59405,0.34762,0,,0.35392,0.59758,18.59111,1.04836,1,0.69716,0.63871,14.81854,1.04836,1,0,0.00000,14,4.80828,1,3.93931,1,0.00000,0,0.00000,0,0.00000,0,1,1,0,0.00000,0,,151.99887,284.76620,
12,page1,1419,23.30933,579728313224,0.51092,0.78300,22.96436,0.34497,47,1,0.51388,0.84192,1,0.59405,0.34762,0,,0.35449,0.59869,18.79466,1.03074,1,0.69778,0.64087,14.24564,1.03955,1,0,0.00000,14,4.61546,1,3.81968,1,0.00000,0,0.00000,0,0.00000,0,1,1,0,0.00000,0,,148.71408,271.95511,
12,page1,1428,23.45752,579729796040,0.50606,0.78564,23.32593,0.13159,48,1,0.49950,0.65151,1,0.59405,0.34762,0,,0.35538,0.59450,18.57250,1.05717,1,0.69808,0.63669,13.93244,1.05717,1,0,0.00000,14,4.67099,1,3.87608,1,0.00000,0,0.00000,0,0.00000,0,1,1,0,0.00000,0,,8.62253,198.75290,
13,page2,4,0.06592,579730615514,0.49272,0.70902,0.00000,0.06591,1,1,0.46724,0.54060,1,0.59405,0.34762,0,,0.35463,0.59057,18.04323,1.02193,1,0.69699,0.63418,15.01954,1.02193,1,0,0.00000,14,4.52955,1,3.93224,1,0.00000,0,0.00000,0,0.00000,0,1,1,0,0.00000,0,,83.51421,105.56622,
13,page2,23,0.37769,579733734397,0.46930,0.49795,0.13159,0.24609,2,1,0.40118,0.28004,1,0.59405,0.34762,0,,0.35094,0.58030,18.07982,1.03074,1,0.69172,0.62426,15.78204,1.02193,1,0,0.00000,14,4.51367,1,4.00644,1,0.00000,0,0.00000,0,0.00000,0,1,1,0,0.00000,0,,225.08902,100.06703,
13,page2,31,0.51025,579735058456,0.38912,0.21454,0.44385,0.06641,3,1,0.37241,0.13101,1,0.59405,0.34762,0,,0.34895,0.57453,18.19253,1.01422,1,0.68912,0.61764,15.59406,0.99770,1,0,0.00000,14,4.90982,1,4.57720,1,0.00000,0,0.00000,0,0.00000,0,1,1,0,0.00000,0,,326.64795,114.35430,
13,page2,47,0.77344,579737689987,0.34268,0.03869,0.52637,0.24707,4,1,0.33459,-0.00528,1,0.59405,0.34762,0,,0.34889,0.57198,17.46029,0.99110,1,0.68829,0.61512,14.05154,0.99110,1,0,0.00000,14,4.87589,1,4.37915,1,0.00000,0,0.00000,0,0.00000,0,1,1,0,0.00000,0,,200.44913,112.90611,
13,page2,87,1.43091,579744265578,0.34317,0.00568,0.78955,0.64136,5,1,0.47859,-0.05613,1,0.59405,0.34762,0,,0.35308,0.57132,18.32112,0.99770,1,0.69273,0.61414,14.94561,1.00541,1,0,0.00000,14,4.89843,1,4.42242,1,0.00000,0,0.00000,0,0.00000,0,1,1,0,0.00000,0,,34.67027,88.63950,
13,page2,109,1.79150,579747871229,0.52735,-0.00768,1.49658,0.29492,6,1,0.59136,-0.01073,1,0.59405,0.34762,0,,0.35774,0.57156,19.37232,1.01312,1,0.69818,0.61651,15.81727,1.02193,1,0,0.00000,14,4.89766,1,4.68288,1,0.00000,0,0.00000,0,0.00000,0,1,1,0,0.00000,0,,309.74023,2.59579,
13,page2,129,2.12012,579751158610,0.56114,0.05041,1.80786,0.31226,7,1,0.56689,0.08605,1,0.59405,0.34762,0,,0.35764,0.57264,19.42337,0.98669,1,0.69853,0.61671,16.25146,0.98669,1,0,0.00000,14,4.96329,1,4.74773,1,0.00000,0,0.00000,0,0.00000,0,1,1,0,0.00000,0,,83.32374,312.94415,
13,page2,147,2.41602,579754115938,0.61969,0.10118,2.13672,0.27930,8,1,0.65460,0.12312,1,0.59405,0.34762,0,,0.36080,0.57411,20.14577,0.95586,1,0.70159,0.61793,16.70791,0.95586,1,0,0.00000,14,5.06538,1,4.66182,1,0.00000,0,0.00000,0,0.00000,0,1,1,0,0.00000,0,,111.88063,331.54446,
13,page2,161,2.64575,579756414144,0.53158,0.12231,2.43213,0.21362,9,1,0.33290,0.10013,1,0.59405,0.34762,0,,0.35051,0.57467,19.08846,0.98009,1,0.69177,0.61868,17.33157,0.98890,1,0,0.00000,14,5.06260,1,4.39118,1,0.00000,0,0.00000,0,0.00000,0,1,1,0,0.00000,0,,149.67836,188.52423,
13,page2,184,3.02368,579760193909,0.32887,0.13263,2.71191,0.31177,10,1,0.31372,0.09154,1,0.59405,0.34762,0,,0.34875,0.57437,19.85254,1.05717,1,0.69026,0.61816,17.16460,1.05717,1,0,0.00000,14,4.91157,1,4.48507,1,0.00000,0,0.00000,0,0.00000,0,1,1,0,0.00000,0,,340.72510,181.82246,
13,page2,232,3.81323,579768088899,0.34949,0.10977,3.04028,0.77295,11,1,0.31250,0.16234,1,0.59405,0.34762,0,,0.34589,0.57684,18.35882,0.99550,1,0.68676,0.61939,16.40938,0.99550,1,0,0.00000,14,4.95144,1,4.35420,1,0.00000,0,0.00000,0,0.00000,0,1,1,0,0.00000,0,,42.14481,34.71791,
13,page2,262,4.30493,579773007116,0.32596,0.15073,3.83301,0.47192,12,1,0.37243,0.08097,1,0.59405,0.34762,0,,0.34876,0.57704,18.55094,1.04836,1,0.68979,0.61910,15.87035,1.04836,1,0,0.00000,13,4.88735,1,4.35646,1,0.00000,0,0.00000,0,0.00000,0,1,1,0,0.00000,0,,58.41524,227.41263,
13,page2,292,4.79834,579777938938,0.36305,0.13112,4.32104,0.47729,13,1,0.36802,0.20431,1,0.59405,0.34762,0,,0.34735,0.57686,19.05477,0.97238,1,0.68903,0.61966,16.66294,0.95586,1,0,0.00000,13,4.79601,1,4.28168,1,0.00000,0,0.00000,0,0.00000,0,1,1,0,0.00000,0,,65.62512,18.28594,
13,page2,309,5.07739,579780730339,0.34758,0.16198,4.81641,0.26099,14,1,0.31137,0.09095,1,0.59405,0.34762,0,,0.34615,0.57611,18.93888,1.04836,1,0.68743,0.61912,17.40404,1.04836,1,0,0.00000,12,4.79131,1,4.37995,1,0.00000,0,0.00000,0,0.00000,0,1,1,0,0.00000,0,,41.53813,231.26781,
13,page2,335,5.50391,579784996979,0.33077,0.14184,5.09424,0.40967,15,1,0.44302,0.14235,1,0.59405,0.34762,0,,0.35177,0.57563,19.76507,1.02193,1,0.69285,0.61869,17.24664,1.02193,1,0,0.00000,12,5.05079,1,4.44851,1,0.00000,0,0.00000,0,0.00000,0,1,1,0,0.00000,0,,35.28085,143.17372,
13,page2,392,6.44043,579794361522,0.44675,0.14446,5.52075,0.91968,16,1,0.45035,0.19115,1,0.59405,0.34762,0,,0.35228,0.57686,19.29249,1.00651,1,0.69316,0.61901,17.03528,1.00651,1,0,0.00000,12,5.16784,1,4.42354,1,0.00000,0,0.00000,0,0.00000,0,1,1,0,0.00000,0,,194.86578,359.19110,
13,page2,460,7.55713,579805528092,0.33176,0.22566,6.70386,0.85327,17,1,0.33617,0.17931,1,0.59405,0.34762,0,,0.34598,0.57823,18.29328,1.04836,1,0.68777,0.62046,15.88149,1.04836,1,0,0.00000,13,4.76651,1,4.05172,1,0.00000,0,0.00000,0,0.00000,0,1,1,0,0.00000,0,,211.16107,203.81392,
13,page2,518,8.51050,579815060829,0.32796,0.21320,7.57349,0.93701,18,1,0.34314,0.20369,1,0.59405,0.34762,0,,0.34774,0.57676,19.91566,1.03074,1,0.68940,0.61934,16.99304,1.03955,1,0,0.00000,13,5.18458,1,4.43199,1,0.00000,0,0.00000,0,0.00000,0,1,1,0,0.00000,0,,14.55746,116.01050,
13,page2,573,9.41504,579824106429,0.34297,0.23993,8.52734,0.88770,19,1,0.37140,0.28731,1,0.59405,0.34762,0,,0.34847,0.57709,19.66651,0.96357,1,0.69005,0.62069,17.75701,0.96357,1,0,0.00000,13,5.27295,1,4.49978,1,0.00000,0,0.00000,0,0.00000,0,1,1,0,0.00000,0,,37.73082,311.93863,
13,page2,594,9.76001,579827556270,0.34444,0.31048,9.43115,0.32886,20,1,0.31643,0.38067,1,0.59405,0.34762,0,,0.34702,0.58251,19.66067,0.99660,1,0.68862,0.62391,16.74746,1.00541,1,0,0.00000,13,5.34292,1,4.46864,1,0.00000,0,0.00000,0,0.00000,0,1,1,0,0.00000,0,,74.11866,271.90942,
13,page2,650,10.67871,579836742847,0.34151,0.31701,10.07349,0.60522,21,1,0.37854,0.33487,1,0.59405,0.34762,0,,0.35191,0.58066,17.88615,1.00431,1,0.69411,0.62297,15.61866,1.00431,1,0,0.00000,14,4.65763,1,4.03479,1,0.00000,0,0.00000,0,0.00000,0,1,1,0,0.00000,0,,8.44047,234.32455,
13,page2,696,11.43481,579844306023,0.36372,0.32252,10.69556,0.73926,22,1,0.31618,0.30836,1,0.59405,0.34762,0,,0.34837,0.58055,18.54825,1.03074,1,0.69062,0.62316,15.86577,1.03074,1,0,0.00000,13,4.79569,1,4.12483,1,0.00000,0,0.00000,0,0.00000,0,1,1,0,0.00000,0,,37.75868,351.18622,
13,page2,721,11.84668,579848424020,0.36422,0.32921,11.45142,0.39526,23,1,0.41779,0.33928,1,0.59405,0.34762,0,,0.35452,0.58020,18.30927,0.98669,1,0.69635,0.62368,16.00016,0.98669,1,0,0.00000,13,4.74264,1,4.02040,1,0.00000,0,0.00000,0,0.00000,0,1,1,0,0.00000,0,,7.07455,276.81885,
13,page2,766,12.58813,579855836916,0.44889,0.33638,11.86206,0.72607,24,1,0.53193,0.35456,1,0.59405,0.34762,0,,0.35752,0.58222,16.69429,1.01422,1,0.69923,0.62594,13.90537,1.02193,1,0,0.00000,13,4.33350,1,3.70295,1,0.00000,0,0.00000,0,0.00000,0,1,1,0,0.00000,0,,142.44469,356.97040,
13,page2,797,13.09399,579860896549,0.52289,0.32948,12.60132,0.49268,25,1,0.55451,0.31825,1,0.59405,0.34762,0,,0.36251,0.58018,16.46266,1.03074,1,0.70385,0.62538,14.04737,1.03955,1,0,0.00000,13,4.32985,1,3.94892,1,0.00000,0,0.00000,0,0.00000,0,1,1,0,0.00000,0,,124.53088,3.33527,
13,page2,819,13.45581,579864515348,0.59475,0.34233,13.11108,0.34473,26,1,0.62838,0.34730,1,0.59405,0.34762,0,,0.36308,0.58027,16.54130,1.01312,1,0.70450,0.62513,14.18642,1.01312,1,0,0.00000,13,4.39157,1,3.95288,1,0.00000,0,0.00000,0,0.00000,0,1,1,0,0.00000,0,,121.47649,353.62292,
13,page2,846,13.89893,579868944817,0.60258,0.33156,13.47241,0.42651,27,1,0.57273,0.37171,1,0.59405,0.34762,0,,0.35843,0.58193,16.90536,0.98669,1,0.69979,0.62538,14.45145,0.98669,1,0,0.00000,13,4.45775,1,3.89245,1,0.00000,0,0.00000,0,0.00000,0,1,1,0,0.00000,0,,17.34709,40.68484,
13,page2,852,13.99756,579869931868,0.56233,0.37653,13.91553,0.08203,28,1,0.51421,0.38133,0,0.59405,0.34762,0,,0.35827,0.58245,16.96214,1.02193,0,0.69859,0.62724,11.96521,1.02193,0,305,0.00000,13,4.41184,0,3.41696,0,0.00000,0,0.00000,0,0.00000,0,1,1,0,0.00000,0,,82.47456,214.92630,
13,page2,884,14.52319,579875188125,0.61257,0.33889,14.26050,0.26270,29,1,0.36937,0.35258,1,0.59405,0.34762,0,,0.34960,0.58277,16.36891,1.03955,1,0.69100,0.62498,14.59195,1.03955,1,0,0.00000,14,4.31938,1,3.88493,1,0.00000,0,0.00000,0,0.00000,0,1,1,0,0.00000,0,,93.19807,25.09149,
13,page2,908,14.91968,579879154224,0.35389,0.36763,14.59082,0.32886,30,1,0.35415,0.43202,1,0.59405,0.34762,0,,0.34778,0.58468,16.08434,0.98669,1,0.69000,0.62662,14.71949,0.98669,1,0,0.00000,14,4.12686,1,3.66984,1,0.00000,0,0.00000,0,0.00000,0,1,1,0,0.00000,0,,435.62881,183.97220,
13,page2,931,15.29834,579882939995,0.35198,0.42333,14.93652,0.36182,31,1,0.38581,0.45206,1,0.59405,0.34762,0,,0.35086,0.58419,16.76566,0.95586,1,0.69283,0.62686,14.16111,0.96357,1,0,0.00000,14,4.27101,1,3.93073,1,0.00000,0,0.00000,0,0.00000,0,1,1,0,0.00000,0,,58.57298,266.85959,
13,page2,972,15.97583,579889714400,0.38429,0.38688,15.31494,0.66089,32,1,0.33496,0.44150,1,0.59405,0.34762,0,,0.34984,0.58312,16.02999,0.99881,1,0.69232,0.62622,13.92277,0.99881,1,0,0.00000,14,4.28423,1,3.77876,1,0.00000,0,0.00000,0,0.00000,0,1,1,0,0.00000,0,,66.41682,35.18704,
13,page2,994,16.33301,579893287160,0.37262,0.44159,15.98950,0.34351,33,1,0.39080,0.40589,1,0.59405,0.34762,0,,0.35106,0.58360,16.57183,1.02193,1,0.69308,0.62600,14.47166,1.00541,1,0,0.00000,14,4.37584,1,3.85705,1,0.00000,0,0.00000,0,0.00000,0,1,1,0,0.00000,0,,60.69901,251.15567,
13,page2,1039,17.07251,579900682260,0.39929,0.42566,16.34839,0.72412,34,1,0.33835,0.43585,1,0.59405,0.34762,0,,0.34959,0.58606,16.84146,1.03184,1,0.69194,0.62833,15.00186,1.04836,1,0,0.00000,13,4.42263,1,3.87395,1,0.00000,0,0.00000,0,0.00000,0,1,1,0,0.00000,0,,47.82591,20.47124,
13,page2,1056,17.34863,579903444075,0.34618,0.50150,17.08813,0.26050,35,1,0.36187,0.56194,1,0.59405,0.34762,0,,0.34727,0.58789,17.35237,0.92503,1,0.69040,0.62948,14.89725,0.92503,1,0,0.00000,13,4.63971,1,3.78447,1,0.00000,0,0.00000,0,0.00000,0,1,1,0,0.00000,0,,119.59229,221.74850,
13,page2,1113,18.28784,579912835410,0.33768,0.48426,17.36499,0.92285,36,1,0.35335,0.55685,1,0.59405,0.34762,0,,0.34719,0.58770,16.60049,0.99881,1,0.69035,0.62875,14.40044,0.99881,1,0,0.00000,13,4.48266,1,3.77019,1,0.00000,0,0.00000,0,0.00000,0,1,1,0,0.00000,0,,23.05647,128.26851,
13,page2,1145,18.81128,579918070117,0.35132,0.53371,18.30420,0.50708,37,1,0.39316,0.51805,1,0.59405,0.34762,0,,0.34963,0.58697,17.51545,1.03074,1,0.69294,0.62827,14.74208,1.02193,1,0,0.00000,13,4.51348,1,3.86158,1,0.00000,0,0.00000,0,0.00000,0,1,1,0,0.00000,0,,56.75431,293.81348,
13,page2,1185,19.47095,579924665475,0.40971,0.52532,18.82959,0.64136,38,1,0.47197,0.53585,1,0.59405,0.34762,0,,0.35474,0.58700,16.24245,1.01312,1,0.69727,0.63018,13.85042,1.00431,1,0,0.00000,13,4.19277,1,3.77312,1,0.00000,0,0.00000,0,0.00000,0,1,1,0,0.00000,0,,98.48999,5.13172,
13,page2,1209,19.86279,579928585239,0.50596,0.50858,19.48682,0.37598,39,1,0.54048,0.52637,1,0.59405,0.34762,0,,0.35780,0.58718,15.98403,0.99550,1,0.70070,0.63110,13.72473,0.99550,1,0,0.00000,13,4.13148,1,3.52744,1,0.00000,0,0.00000,0,0.00000,0,1,1,0,0.00000,0,,162.65247,6.20376,
13,page2,1232,20.24048,579932360999,0.55211,0.50951,19.87866,0.36182,40,1,0.57098,0.55661,1,0.59405,0.34762,0,,0.35921,0.58770,15.56325,0.96357,1,0.70167,0.63123,13.05881,0.97128,1,0,0.00000,13,3.91582,1,3.63035,1,0.00000,0,0.00000,0,0.00000,0,1,1,0,0.00000,0,,77.53819,359.27844,
13,page2,1266,20.79907,579937946332,0.59786,0.51713,20.25659,0.54248,41,1,0.57821,0.54148,1,0.59405,0.34762,0,,0.35830,0.58748,15.97201,1.03074,1,0.70112,0.63111,13.11491,1.03955,1,0,0.00000,13,4.06104,1,3.49448,1,0.00000,0,0.00000,0,0.00000,0,1,1,0,0.00000,0,,77.27531,354.05698,
13,page2,1271,20.88354,579938791734,0.47816,0.53985,20.81543,0.06812,42,1,0.32783,0.58817,1,0.59405,0.34762,0,,0.34964,0.59136,15.73829,1.05717,1,0.69218,0.63354,14.18531,1.05717,1,0,0.00000,13,4.16705,1,3.60393,1,0.00000,0,0.00000,0,0.00000,0,1,1,0,0.00000,0,,202.50607,186.76537,
13,page2,1286,21.12891,579941246216,0.34658,0.64627,20.89966,0.22925,43,1,0.35275,0.69031,1,0.59405,0.34762,0,,0.34887,0.59239,16.03529,1.01312,1,0.69193,0.63533,14.56243,1.00431,1,0,0.00000,13,4.09672,1,3.68797,1,0.00000,0,0.00000,0,0.00000,0,1,1,0,0.00000,0,,247.69154,206.81619,
13,page2,1314,21.58716,579945828638,0.34793,0.67213,21.14502,0.44214,44,1,0.38738,0.63368,1,0.59405,0.34762,0,,0.34888,0.59286,17.14161,1.03074,1,0.69241,0.63456,14.90686,1.03074,1,0,0.00000,13,4.54689,1,3.66187,1,0.00000,0,0.00000,0,0.00000,0,1,1,0,0.00000,0,,27.24757,274.77466,
13,page2,1324,21.75269,579947484018,0.38412,0.64883,21.60449,0.14819,45,1,0.39880,0.68788,0,0.59405,0.34762,0,,0.34920,0.59411,16.39541,1.01312,0,0.69267,0.63464,14.45493,1.02193,0,306,0.00000,13,4.27850,0,3.94296,0,0.00000,0,0.00000,0,0.00000,0,1,1,0,0.00000,0,,65.53686,21.91940,
13,page2,1357,22.29346,579952890266,0.44128,0.71790,22.01489,0.27856,46,1,0.42569,0.66809,1,0.59405,0.34762,0,,0.35250,0.59311,17.49673,1.04836,1,0.69698,0.63420,13.07412,1.04836,1,0,0.00000,13,4.31529,1,3.44619,1,0.00000,0,0.00000,0,0.00000,0,1,1,0,0.00000,0,,120.33781,322.93893,
13,page2,1378,22.63843,579956341423,0.50835,0.66524,22.30981,0.32861,47,1,0.48912,0.62058,1,0.59405,0.34762,0,,0.35520,0.59323,17.09673,1.05717,1,0.69862,0.63558,13.15071,1.04836,1,0,0.00000,13,4.30884,1,3.54509,1,0.00000,0,0.00000,0,0.00000,0,1,1,0,0.00000,0,,125.51318,26.13803,
13,page2,1414,23.22998,579962256629,0.49041,0.64742,22.65503,0.57495,48,1,0.51783,0.65980,1,0.59405,0.34762,0,,0.35554,0.59354,17.58294,1.00431,1,0.69888,0.63555,12.98593,1.00431,1,0,0.00000,13,4.46437,1,3.69899,1,0.00000,0,0.00000,0,0.00000,0,1,1,0,0.00000,0,,35.47498,148.16721,
14,page3,20,0.32935,579965711028,0.49489,0.63152,0.00000,0.32935,1,1,0.42924,0.41737,1,0.59405,0.34762,0,,0.35198,0.58222,16.91283,0.98780,1,0.69377,0.62547,14.61036,0.99551,1,0,0.00000,13,4.51421,1,3.79251,1,0.00000,0,0.00000,0,0.00000,0,1,1,0,0.00000,0,,18.31318,65.73331,
14,page3,41,0.67432,579969160335,0.35360,0.13011,0.44434,0.22998,2,1,0.34738,0.05466,1,0.59405,0.34762,0,,0.34989,0.57312,17.27072,1.04065,1,0.68994,0.61525,14.41697,1.02414,1,0,0.00000,13,4.87952,1,4.42244,1,0.00000,0,0.00000,0,0.00000,0,1,1,0,0.00000,0,,577.51617,114.26855,
14,page3,72,1.18359,579974252808,0.35073,0.09412,0.69043,0.49316,3,1,0.34685,0.12861,1,0.59405,0.34762,0,,0.34596,0.57274,17.51930,0.93274,1,0.68748,0.61454,14.19744,0.94045,1,0,0.00000,13,4.78694,1,4.25152,1,0.00000,0,0.00000,0,0.00000,0,1,1,0,0.00000,0,,38.09584,97.27113,
14,page3,113,1.85718,579980989316,0.36969,0.10017,1.19995,0.65723,4,1,0.35089,0.13856,1,0.59405,0.34762,0,,0.34826,0.57406,19.24424,0.97128,1,0.68969,0.61583,16.39509,0.97128,1,0,0.00000,13,4.95345,1,4.52342,1,0.00000,0,0.00000,0,0.00000,0,1,1,0,0.00000,0,,32.48012,348.72131,
14,page3,129,2.11938,579983612694,0.34168,0.12043,1.87329,0.24609,5,1,0.33666,0.14664,1,0.59405,0.34762,0,,0.34751,0.57469,19.64959,1.05717,1,0.68938,0.61801,16.42802,1.05717,1,0,0.00000,13,4.88896,1,4.53569,1,0.00000,0,0.00000,0,0.00000,0,1,1,0,0.00000,0,,51.64189,204.32632,
14,page3,159,2.61450,579988563510,0.33187,0.19338,2.13696,0.47754,6,1,0.34730,0.30435,1,0.59405,0.34762,0,,0.34897,0.57831,18.54123,1.00652,1,0.69098,0.62136,17.12365,1.00652,1,0,0.00000,13,5.03837,1,4.24028,1,0.00000,0,0.00000,0,0.00000,0,1,1,0,0.00000,0,,78.35046,257.85727,
14,page3,228,3.74683,579999885208,0.33499,0.29599,2.63062,1.11621,7,1,0.36876,0.34469,1,0.59405,0.34762,0,,0.34927,0.58315,17.39772,1.02414,1,0.69155,0.62572,15.36115,1.02414,1,0,0.00000,13,4.65061,1,3.88131,1,0.00000,0,0.00000,0,0.00000,0,1,1,0,0.00000,0,,107.86792,272.78528,
14,page3,266,4.37036,580006122443,0.34148,0.39384,3.76318,0.60718,8,1,0.44378,0.41924,1,0.59405,0.34762,0,,0.35303,0.58381,16.88658,0.99551,1,0.69536,0.62682,15.13568,0.98670,1,0,0.00000,13,4.62686,1,3.84661,1,0.00000,0,0.00000,0,0.00000,0,1,1,0,0.00000,0,,103.31940,276.05765,
14,page3,275,4.51880,580007604538,0.42878,0.38185,4.38647,0.13232,9,1,0.43920,0.36755,1,0.59405,0.34762,0,,0.35424,0.58378,16.68674,1.02193,1,0.69687,0.62777,14.96509,1.02193,1,0,0.00000,13,4.43811,1,3.68998,1,0.00000,0,0.00000,0,0.00000,0,1,1,0,0.00000,0,,147.20334,4.90618,
18,page4-instructions,23,0.37915,580011559475,0.42959,0.36682,0.00000,0.37915,1,1,0.39955,0.25220,1,0.59405,0.34762,0,,0.35390,0.57879,17.45408,0.99551,1,0.69552,0.62257,13.85667,0.99551,1,0,0.00000,13,4.30574,1,3.88802,1,0.00000,0,0.00000,0,0.00000,0,1,1,0,0.00000,0,,15.84005,85.07178,
18,page4-instructions,37,0.60986,580013864655,0.34586,0.18656,0.39673,0.21313,2,1,0.27433,0.16884,1,0.59405,0.34762,0,,0.34832,0.57834,13.99393,0.98119,1,0.68987,0.62029,12.09827,0.97238,1,0,0.00000,13,4.51412,1,3.98414,1,0.00000,0,0.00000,0,0.00000,0,1,1,0,0.00000,0,,235.82050,126.61947,
18,page4-instructions,52,0.85571,580016323473,0.19688,0.15539,0.62573,0.22998,3,1,0.16492,0.12939,1,0.59405,0.34762,0,,0.34161,0.57505,11.47864,0.98119,1,0.68344,0.61732,9.94882,0.99000,1,0,0.00000,13,3.32397,1,2.91940,1,0.00000,0,0.00000,0,0.00000,0,1,1,0,0.00000,0,,252.41719,172.55003,
18,page4-instructions,66,1.08594,580018625342,0.28789,0.12744,0.87231,0.21362,4,1,0.44902,0.09810,1,0.59405,0.34762,0,,0.35369,0.57736,12.54369,1.02304,1,0.69418,0.61654,8.98793,1.00652,1,0,0.00000,13,4.27160,1,2.42778,1,0.00000,0,0.00000,0,0.00000,0,1,1,0,0.00000,0,,155.68784,10.86538,
18,page4-instructions,84,1.38232,580021588866,0.62728,0.11378,1.15259,0.22974,5,1,0.70879,0.13613,1,0.59405,0.34762,0,,0.36723,0.57633,13.94189,0.94815,1,0.70880,0.61770,10.58289,0.95586,1,0,0.00000,13,4.18788,1,2.77814,1,0.00000,0,0.00000,0,0.00000,0,1,1,0,0.00000,0,,570.35565,1.44100,
18,page4-instructions,98,1.61182,580023884123,0.81068,0.11908,1.39844,0.21338,6,1,0.87868,0.11543,1,0.59405,0.34762,0,,0.37304,0.57836,13.86754,1.02193,1,0.71490,0.61808,10.51228,1.02193,1,0,0.00000,13,4.64564,1,2.87056,1,0.00000,0,0.00000,0,0.00000,0,1,1,0,0.00000,0,,308.16220,358.96527,
18,page4-instructions,111,1.82520,580026017717,0.72078,0.14226,1.62842,0.19678,7,1,0.54794,0.15254,1,0.59405,0.34762,0,,0.35640,0.57890,14.88475,1.03074,1,0.69722,0.62140,12.00167,1.02193,1,0,0.00000,13,4.17148,1,4.23078,1,0.00000,0,0.00000,0,0.00000,0,1,1,0,0.00000,0,,152.98055,189.15457,
18,page4-instructions,138,2.26904,580030457491,0.23172,0.38894,1.99023,0.27881,8,1,0.44386,0.35632,1,0.59405,0.34762,0,,0.35250,0.58470,15.83121,0.99661,1,0.69402,0.62742,13.41745,0.98890,1,0,0.00000,13,3.96505,1,3.68189,1,0.00000,0,0.00000,0,0.00000,0,1,1,0,0.00000,0,,861.48071,197.49733,
18,page4-instructions,155,2.54761,580033243302,0.55178,0.39373,2.33521,0.21240,9,1,0.64997,0.36850,1,0.59405,0.34762,0,,0.36327,0.58543,15.45311,1.00542,1,0.70542,0.62963,11.46621,1.00542,1,0,0.00000,13,4.10663,1,3.65482,1,0.00000,0,0.00000,0,0.00000,0,1,1,0,0.00000,0,,537.72424,359.46408,
18,page4-instructions,169,2.77856,580035552000,0.73001,0.39362,2.56226,0.21631,10,1,0.80808,0.34426,1,0.59405,0.34762,0,,0.36690,0.58574,14.64593,1.02193,1,0.70903,0.62981,10.59597,1.02193,1,0,0.00000,13,4.16330,1,3.70930,1,0.00000,0,0.00000,0,0.00000,0,1,1,0,0.00000,0,,299.42642,0.02210,
18,page4-instructions,186,3.05688,580038336481,0.75710,0.41544,2.84424,0.21265,11,1,0.53657,0.45547,1,0.59405,0.34762,0,,0.35624,0.58744,15.08534,0.97128,1,0.69779,0.63088,11.44274,0.97128,1,0,0.00000,13,3.87369,1,3.24911,1,0.00000,0,0.00000,0,0.00000,0,1,1,0,0.00000,0,,50.95277,333.27869,
18,page4-instructions,203,3.33740,580041141085,0.41814,0.45979,3.12280,0.21460,12,1,0.37104,0.44590,1,0.59405,0.34762,0,,0.35160,0.58703,15.35326,1.02193,1,0.69427,0.63025,13.12652,1.03074,1,0,0.00000,13,3.98113,1,3.54237,1,0.00000,0,0.00000,0,0.00000,0,1,1,0,0.00000,0,,571.35364,184.67502,
18,page4-instructions,216,3.54858,580043252089,0.30637,0.57736,3.35400,0.19458,13,1,0.20028,0.61154,1,0.59405,0.34762,0,,0.34420,0.59398,15.82624,1.02193,1,0.68672,0.63462,13.40079,1.02193,1,0,0.00000,13,3.94298,1,3.64324,1,0.00000,0,0.00000,0,0.00000,0,1,1,0,0.00000,0,,224.71863,213.32222,
18,page4-instructions,233,3.83203,580046087143,0.26141,0.61849,3.56689,0.26514,14,1,0.44672,0.59123,1,0.59405,0.34762,0,,0.35447,0.59211,15.53196,1.03074,1,0.69675,0.63431,13.01168,1.02193,1,0,0.00000,12,3.85428,1,3.31981,1,0.00000,0,0.00000,0,0.00000,0,1,1,0,0.00000,0,,87.00736,209.75914,
18,page4-instructions,251,4.12329,580048998542,0.53922,0.58970,3.89502,0.22827,15,1,0.71422,0.64809,1,0.59405,0.34762,0,,0.36593,0.59229,15.14515,1.02193,1,0.70704,0.63571,10.68322,1.02193,1,0,0.00000,12,4.01687,1,3.49530,1,0.00000,0,0.00000,0,0.00000,0,1,1,0,0.00000,0,,467.69876,3.70587,
18,page4-instructions,269,4.41870,580051953247,0.80265,0.64012,4.18896,0.22974,16,1,0.88027,0.63658,1,0.59405,0.34762,0,,0.37197,0.59392,15.48596,1.01312,1,0.71382,0.63692,10.21116,1.02193,1,0,0.00000,12,4.07420,1,3.75524,1,0.00000,0,0.00000,0,0.00000,0,1,1,0,0.00000,0,,445.71756,353.17847,
18,page4-instructions,291,4.78003,580055566220,0.84697,0.65736,4.43506,0.34497,17,1,0.89679,0.70814,1,0.59405,0.34762,0,,0.37149,0.59470,14.83709,0.98670,1,0.71297,0.63940,10.11146,0.98670,1,0,0.00000,12,4.10826,1,3.52627,1,0.00000,0,0.00000,0,0.00000,0,1,1,0,0.00000,0,,76.62663,346.33548,
18,page4-instructions,306,5.02661,580058033595,0.82549,0.66727,4.79639,0.23022,18,1,0.70413,0.68469,1,0.59405,0.34762,0,,0.36457,0.59546,15.57009,1.00432,1,0.70719,0.63852,11.55382,1.00432,1,0,0.00000,12,3.93464,1,3.35814,1,0.00000,0,0.00000,0,0.00000,0,1,1,0,0.00000,0,,37.55667,196.08482,
18,page4-instructions,319,5.24170,580060184923,0.57676,0.68229,5.04370,0.19800,19,1,0.32887,0.66220,1,0.59405,0.34762,0,,0.34969,0.59578,15.05055,1.02193,1,0.69300,0.63797,13.92718,1.02193,1,0,0.00000,12,3.98623,1,3.45902,1,0.00000,0,0.00000,0,0.00000,0,1,1,0,0.00000,0,,418.16394,182.16142,
18,page4-instructions,337,5.53809,580063147950,0.24443,0.70743,5.30811,0.22998,20,1,0.20589,0.72198,1,0.59405,0.34762,0,,0.34371,0.59654,15.43281,1.00432,1,0.68711,0.63769,13.60396,0.99551,1,0,0.00000,12,3.86710,1,3.63521,1,0.00000,0,0.00000,0,0.00000,0,1,1,0,0.00000,0,,558.93811,182.70692,
18,page4-instructions,351,5.76782,580065443957,0.35124,0.71100,5.55493,0.21289,21,1,0.40833,0.70627,1,0.59405,0.34762,0,,0.35293,0.59616,14.79432,1.00432,1,0.69644,0.63824,12.11482,1.00432,1,0,0.00000,12,4.08414,1,3.43354,1,0.00000,0,0.00000,0,0.00000,0,1,1,0,0.00000,0,,179.47995,358.80325,
18,page4-instructions,363,5.96313,580067397061,0.39964,0.69898,5.78418,0.17896,22,1,0.37158,0.67570,1,0.59405,0.34762,0,,0.35013,0.59664,15.66563,1.00432,1,0.69391,0.63858,13.02986,1.00432,1,0,0.00000,11,4.16525,1,3.37607,1,0.00000,0,0.00000,0,0.00000,0,1,1,0,0.00000,0,,82.28569,8.82293,
20,page4-instructions-part2,17,0.27783,580070350551,0.37995,0.68627,0.00000,0.27783,1,1,0.33734,0.50939,1,0.59405,0.34762,0,,0.34808,0.58866,15.20451,1.02193,1,0.69096,0.63168,13.46613,1.02193,1,0,0.00000,11,3.99877,1,3.32917,1,0.00000,0,0.00000,0,0.00000,0,1,1,0,0.00000,0,,35.66982,158.02892,
20,page4-instructions-part2,41,0.67505,580074321509,0.26600,0.06661,0.44434,0.23071,2,1,0.19229,0.04552,1,0.59405,0.34762,0,,0.34295,0.57230,14.32071,0.92684,1,0.68241,0.61029,10.73842,0.92684,1,0,0.00000,11,4.93447,1,3.22394,1,0.00000,0,0.00000,0,0.00000,0,1,1,0,0.00000,0,,678.22125,106.39524,
20,page4-instructions-part2,61,1.00366,580077608345,0.21406,0.02824,0.69067,0.31299,3,1,0.31711,-0.01855,1,0.59405,0.34762,0,,0.34931,0.57073,14.71118,0.99881,1,0.68883,0.60938,10.62991,0.99881,1,0,0.00000,11,4.72470,1,3.17628,1,0.00000,0,0.00000,0,0.00000,0,1,1,0,0.00000,0,,96.11105,155.21674,
20,page4-instructions-part2,79,1.29858,580080557055,0.39717,-0.02616,1.06934,0.22925,4,1,0.45475,-0.01241,1,0.59405,0.34762,0,,0.35345,0.57110,14.23107,0.96357,1,0.69368,0.60980,10.56269,0.96357,1,0,0.00000,11,4.80042,1,3.22715,1,0.00000,0,0.00000,0,0.00000,0,1,1,0,0.00000,0,,312.88293,10.51893,
20,page4-instructions-part2,92,1.51221,580082694754,0.61438,-0.06656,1.31470,0.19751,5,1,0.66791,-0.06803,1,0.59405,0.34762,0,,0.36369,0.57265,15.21401,1.02193,1,0.70497,0.61146,11.20553,1.02193,1,0,0.00000,11,4.72226,1,3.17633,1,0.00000,0,0.00000,0,0.00000,0,1,1,0,0.00000,0,,367.37015,6.63070,
20,page4-instructions-part2,110,1.81177,580085690246,0.73389,-0.03739,1.52832,0.28345,6,1,0.76583,-0.02286,1,0.59405,0.34762,0,,0.36943,0.57099,16.31979,0.98981,1,0.71084,0.61295,12.30644,0.97530,1,0,0.00000,11,4.68224,1,3.49675,1,0.00000,0,0.00000,0,0.00000,0,1,1,0,0.00000,0,,203.09949,351.32639,
20,page4-instructions-part2,131,2.15137,580089085921,0.80397,0.03359,1.87231,0.27905,7,1,0.87031,0.04690,1,0.59405,0.34762,0,,0.37268,0.57258,17.38654,0.92503,1,0.71469,0.61372,13.63352,0.92503,1,0,0.00000,11,4.99154,1,3.79074,1,0.00000,0,0.00000,0,0.00000,0,1,1,0,0.00000,0,,139.34114,327.66510,
20,page4-instructions-part2,152,2.49658,580092536185,0.84670,0.05478,2.16772,0.32886,8,1,0.57055,0.15291,1,0.59405,0.34762,0,,0.36164,0.57365,18.95769,0.91732,1,0.70225,0.61763,15.55153,0.93017,1,0,0.00000,11,4.76657,1,4.66157,1,0.00000,0,0.00000,0,0.00000,0,1,1,0,0.00000,0,,75.15545,342.77972,
20,page4-instructions-part2,170,2.79199,580095491768,0.45591,0.05690,2.56250,0.22949,9,1,0.39282,0.06438,1,0.59405,0.34762,0,,0.35221,0.57363,18.93878,1.00652,1,0.69399,0.61641,16.01545,1.00652,1,0,0.00000,11,4.96821,1,4.45192,1,0.00000,0,0.00000,0,0.00000,0,1,1,0,0.00000,0,,656.53107,180.19426,
20,page4-instructions-part2,184,3.02271,580097799130,0.33003,0.13512,2.80908,0.21362,10,1,0.23448,0.22955,1,0.59405,0.34762,0,,0.34514,0.57794,18.82056,1.01423,1,0.68697,0.61948,16.62711,1.01423,1,0,0.00000,11,4.77910,1,4.22206,1,0.00000,0,0.00000,0,0.00000,0,1,1,0,0.00000,0,,226.86694,201.22447,
20,page4-instructions-part2,218,3.58057,580103376864,0.14951,0.28545,3.08789,0.49268,11,1,0.13671,0.46663,0,0.59405,0.34762,0,,0.34151,0.57767,18.50493,0.98670,0,0.68420,0.62188,13.31979,0.98670,0,307,0.00000,10,4.76771,0,3.85894,0,0.00000,0,0.00000,0,0.00000,0,1,1,0,0.00000,0,,341.89236,207.49588,
20,page4-instructions-part2,249,4.09863,580108558081,0.20210,0.25005,3.84497,0.25366,12,1,0.26604,0.23275,1,0.59405,0.34762,0,,0.34618,0.57879,17.04489,0.99551,1,0.68777,0.62132,14.23463,0.99551,1,0,0.00000,11,4.57957,1,3.96771,1,0.00000,0,0.00000,0,0.00000,0,1,1,0,0.00000,0,,95.85167,22.81684,
20,page4-instructions-part2,273,4.48389,580112410674,0.43740,0.18300,4.15576,0.32813,13,1,0.61623,0.13047,1,0.59405,0.34762,0,,0.36148,0.57766,16.65307,1.04836,1,0.70191,0.62191,11.18580,1.04836,1,0,0.00000,10,4.35576,1,4.19306,1,0.00000,0,0.00000,0,0.00000,0,1,1,0,0.00000,0,,401.52435,10.09834,
20,page4-instructions-part2,290,4.76343,580115205150,0.73776,0.20771,4.54980,0.21362,14,1,0.81918,0.27371,1,0.59405,0.34762,0,,0.37141,0.57979,15.88688,0.96357,1,0.71293,0.62655,12.13596,0.97128,1,0,0.00000,10,4.58559,1,4.48142,1,0.00000,0,0.00000,0,0.00000,0,1,1,0,0.00000,0,,505.27133,357.05658,
20,page4-instructions-part2,323,5.30518,580120623168,0.88613,0.26425,4.77979,0.52539,15,1,0.91711,0.26661,1,0.59405,0.34762,0,,0.37456,0.58087,16.96492,0.94317,1,0.71627,0.62585,13.55702,0.95768,1,0,0.00000,10,4.66572,1,4.13268,1,0.00000,0,0.00000,0,0.00000,0,1,1,0,0.00000,0,,256.23386,346.60336,
20,page4-instructions-part2,346,5.68311,580124402003,0.20652,0.29636,5.42236,0.26074,16,1,0.16880,0.33631,1,0.59405,0.34762,0,,0.34190,0.58171,17.89472,0.98670,1,0.68384,0.62455,15.27781,0.97899,1,0,0.00000,10,4.52978,1,4.22492,1,0.00000,0,0.00000,0,0.00000,0,1,1,0,0.00000,0,,1142.24243,181.69144,
20,page4-instructions-part2,372,6.11011,580128672208,0.18974,0.33068,5.69946,0.41064,17,1,0.35388,0.35199,1,0.59405,0.34762,0,,0.34984,0.58208,17.20694,0.98670,1,0.69184,0.62425,14.44474,0.98670,1,0,0.00000,10,4.38850,1,4.06303,1,0.00000,0,0.00000,0,0.00000,0,1,1,0,0.00000,0,,45.75254,231.96451,
20,page4-instructions-part2,402,6.60376,580133608414,0.35898,0.28718,6.17627,0.42749,18,1,0.32576,0.22561,1,0.59405,0.34762,0,,0.34962,0.58232,16.27244,1.05717,1,0.69177,0.62528,14.05534,1.05717,1,0,0.00000,10,4.37768,1,3.87341,1,0.00000,0,0.00000,0,0.00000,0,1,1,0,0.00000,0,,287.96857,9.12629,
20,page4-instructions-part2,423,6.94849,580137055725,0.71343,0.30185,6.71826,0.23022,19,1,0.81553,0.29280,1,0.59405,0.34762,0,,0.36918,0.58369,16.41984,0.99771,1,0.71095,0.62859,12.15363,1.00542,1,0,0.00000,10,4.36069,1,4.08765,1,0.00000,0,0.00000,0,0.00000,0,1,1,0,0.00000,0,,595.67517,358.51822,
20,page4-instructions-part2,438,7.19434,580139514610,0.82297,0.35263,6.96509,0.22925,20,1,0.67138,0.35590,1,0.59405,0.34762,0,,0.36545,0.58344,16.17830,0.96357,1,0.70936,0.62897,11.04103,0.97128,1,0,0.00000,9,4.89026,1,3.57874,1,0.00000,0,0.00000,0,0.00000,0,1,1,0,0.00000,0,,191.59575,343.84189,
20,page4-instructions-part2,488,8.02344,580147804759,0.14805,0.49816,7.65454,0.36890,21,1,0.32631,0.52999,1,0.59405,0.34762,0,,0.34572,0.58747,16.27592,0.98009,1,0.68893,0.63049,14.35219,0.98890,1,0,0.00000,10,4.35215,1,3.87174,1,0.00000,0,0.00000,0,0.00000,0,1,1,0,0.00000,0,,1144.11584,187.67528,
20,page4-instructions-part2,507,8.32837,580150855731,0.35052,0.46650,8.08350,0.24487,22,1,0.41637,0.42586,1,0.59405,0.34762,0,,0.35223,0.58640,16.63812,0.99110,1,0.69476,0.62986,13.84269,0.99110,1,0,0.00000,10,4.47933,1,3.74925,1,0.00000,0,0.00000,0,0.00000,0,1,1,0,0.00000,0,,341.77017,5.58182,
20,page4-instructions-part2,521,8.55811,580153151823,0.51150,0.44863,8.34497,0.21313,23,1,0.60114,0.40614,1,0.59405,0.34762,0,,0.36049,0.58734,17.04770,1.05717,1,0.70231,0.63054,13.12480,1.05717,1,0,0.00000,10,4.49320,1,3.66180,1,0.00000,0,0.00000,0,0.00000,0,1,1,0,0.00000,0,,271.09653,3.96881,
20,page4-instructions-part2,546,8.96924,580157263214,0.61302,0.44895,8.57593,0.39331,24,1,0.75771,0.49091,1,0.59405,0.34762,0,,0.36754,0.58840,17.51706,0.98670,1,0.70808,0.63192,12.91816,0.98670,1,0,0.00000,10,4.53689,1,4.33106,1,0.00000,0,0.00000,0,0.00000,0,1,1,0,0.00000,0,,170.55399,359.88712,
20,page4-instructions-part2,565,9.28101,580160381443,0.81885,0.51657,9.03516,0.24585,25,1,0.91943,0.53902,1,0.59405,0.34762,0,,0.37368,0.58969,17.68664,0.94155,1,0.71549,0.63390,13.38400,0.95807,1,0,0.00000,10,4.57233,1,4.18916,1,0.00000,0,0.00000,0,0.00000,0,1,1,0,0.00000,0,,353.00827,348.39688,
20,page4-instructions-part2,589,9.67505,580164322596,0.90572,0.53750,9.29736,0.37769,26,1,0.68012,0.56277,1,0.59405,0.34762,0,,0.36720,0.58937,17.36556,0.96467,1,0.70828,0.63373,14.02645,0.98119,1,0,0.00000,10,4.72558,1,3.67591,1,0.00000,0,0.00000,0,0.00000,0,1,1,0,0.00000,0,,147.58704,351.43649,
20,page4-instructions-part2,605,9.93823,580166954406,0.37859,0.51474,9.74121,0.19702,27,1,0.25114,0.52244,1,0.59405,0.34762,0,,0.34877,0.59090,17.41020,0.98890,1,0.69156,0.63372,14.75615,0.98890,1,0,0.00000,10,4.65885,1,3.98799,1,0.00000,0,0.00000,0,0.00000,0,1,1,0,0.00000,0,,885.90082,178.45421,
20,page4-instructions-part2,632,10.38330,580171404424,0.16570,0.55587,10.00391,0.37939,28,1,0.42462,0.48341,1,0.59405,0.34762,0,,0.35478,0.59031,16.40166,1.01313,1,0.69699,0.63305,13.76579,1.02194,1,0,0.00000,9,4.69470,1,3.43514,1,0.00000,0,0.00000,0,0.00000,0,1,1,0,0.00000,0,,360.25311,186.88507,
20,page4-instructions-part2,651,10.69385,580174510658,0.67061,0.53811,10.44946,0.24438,29,1,0.81538,0.54981,1,0.59405,0.34762,0,,0.37216,0.59125,17.64586,1.01313,1,0.71353,0.63584,12.41381,1.02194,1,0,0.00000,9,4.41278,1,3.88144,1,0.00000,0,0.00000,0,0.00000,0,1,1,0,0.00000,0,,848.45386,1.25939,
20,page4-instructions-part2,667,10.95703,580177142776,0.65928,0.56857,10.76611,0.19092,30,1,0.39519,0.51531,0,0.59405,0.34762,0,,0.36341,0.59023,16.31640,1.03075,0,0.68839,0.64175,7.49487,1.02194,0,309,0.00000,9,4.66238,0,3.49471,0,0.00000,0,0.00000,0,0.00000,0,1,1,0,0.00000,0,,37.21859,239.24138,
20,page4-instructions-part2,697,11.45142,580182084895,0.17740,0.78445,11.22168,0.22974,31,1,0.23641,0.79671,1,0.59405,0.34762,0,,0.34511,0.59636,15.80150,0.99551,1,0.68816,0.63870,14.56820,0.98670,1,0,0.00000,10,4.26937,1,3.75781,1,0.00000,0,0.00000,0,0.00000,0,1,1,0,0.00000,0,,840.69379,195.64207,
20,page4-instructions-part2,719,11.81250,580185695796,0.30726,0.75741,11.46777,0.34473,32,1,0.41926,0.76701,1,0.59405,0.34762,0,,0.35346,0.59559,15.92580,0.98670,1,0.69706,0.63744,13.22234,0.98670,1,0,0.00000,10,4.33656,1,3.70602,1,0.00000,0,0.00000,0,0.00000,0,1,1,0,0.00000,0,,220.00458,7.41480,
20,page4-instructions-part2,736,12.09033,580188474528,0.44038,0.71657,11.83008,0.26025,33,1,0.59155,0.75967,1,0.59405,0.34762,0,,0.36401,0.59642,15.79520,1.01313,1,0.70631,0.63882,12.88124,1.02194,1,0,0.00000,10,4.27293,1,3.60662,1,0.00000,0,0.00000,0,0.00000,0,1,1,0,0.00000,0,,227.71568,10.85440,
20,page4-instructions-part2,753,12.36938,580191264584,0.74573,0.74225,12.15576,0.21362,34,1,0.83586,0.78901,1,0.59405,0.34762,0,,0.37265,0.59651,17.11096,0.99771,1,0.71481,0.64210,11.84022,0.99000,1,0,0.00000,10,4.33620,1,3.58975,1,0.00000,0,0.00000,0,0.00000,0,1,1,0,0.00000,0,,513.69611,356.99115,
20,page4-instructions-part2,770,12.65015,580194073179,0.77736,0.79536,12.43628,0.21387,35,1,0.50970,0.75016,1,0.59405,0.34762,0,,0.35876,0.59944,15.73859,0.99551,1,0.70195,0.64212,12.34511,1.00432,1,0,0.00000,10,3.98640,1,3.46520,1,0.00000,0,0.00000,0,0.00000,0,1,1,0,0.00000,0,,77.02911,313.61813,
20,page4-instructions-part2,778,12.78296,580195400450,0.52970,0.76172,12.71655,0.06641,36,1,0.53507,0.77046,1,0.59405,0.34762,0,,0.35834,0.59951,15.90177,1.05717,1,0.70208,0.64199,12.47112,1.05717,1,0,0.00000,10,4.04405,1,3.58385,1,0.00000,0,0.00000,0,0.00000,0,1,1,0,0.00000,0,,417.56546,175.14752,
15,page4,18,0.29541,580198517734,0.51006,0.74352,0.00000,0.29541,1,1,0.43371,0.45372,1,0.59405,0.34762,0,,0.35543,0.58812,15.40884,1.03075,1,0.69724,0.63199,13.07822,1.02194,1,0,0.00000,10,4.00366,1,3.39120,1,0.00000,0,0.00000,0,0.00000,0,1,1,0,0.00000,0,,38.12969,149.92165,
15,page4,34,0.55688,580201133457,0.37857,0.25904,0.36084,0.19604,2,1,0.35928,0.17392,1,0.59405,0.34762,0,,0.35272,0.57826,16.46191,1.00762,1,0.69298,0.62143,13.49154,1.02414,1,0,0.00000,10,4.55803,1,4.20102,1,0.00000,0,0.00000,0,0.00000,0,1,1,0,0.00000,0,,554.59723,113.47276,
15,page4,60,0.98584,580205422255,0.30973,0.20064,0.57495,0.41089,3,1,0.29676,0.19333,1,0.59405,0.34762,0,,0.35026,0.57775,16.54907,1.00432,1,0.69125,0.62227,14.28168,1.00432,1,0,0.00000,9,4.36925,1,4.08613,1,0.00000,0,0.00000,0,0.00000,0,1,1,0,0.00000,0,,130.90202,152.06679,
15,page4,86,1.41064,580209670280,0.29301,0.16924,1.00366,0.40698,4,1,0.40758,0.18233,1,0.59405,0.34762,0,,0.35407,0.57684,18.09157,1.02194,1,0.69523,0.62128,15.52427,1.02194,1,0,0.00000,9,4.60106,1,4.22233,1,0.00000,0,0.00000,0,0.00000,0,1,1,0,0.00000,0,,43.31334,130.43013,
15,page4,110,1.80444,580213609793,0.40550,0.19419,1.42676,0.37769,5,1,0.43244,0.19381,1,0.59405,0.34762,0,,0.35552,0.57712,18.98076,1.01313,1,0.69698,0.62119,15.68426,1.02194,1,0,0.00000,9,4.75552,1,4.18026,1,0.00000,0,0.00000,0,0.00000,0,1,1,0,0.00000,0,,190.79034,352.10776,
15,page4,125,2.05127,580216077257,0.52559,0.20103,1.82080,0.23047,6,1,0.58706,0.18592,1,0.59405,0.34762,0,,0.36311,0.57730,19.04790,1.02194,1,0.70440,0.62214,16.00254,1.02194,1,0,0.00000,9,4.90730,1,4.21589,1,0.00000,0,0.00000,0,0.00000,0,1,1,0,0.00000,0,,201.87901,357.96121,
15,page4,210,3.44727,580230038200,0.60997,0.23064,2.06738,1.37988,7,1,0.61007,0.20168,1,0.59405,0.34762,0,,0.36445,0.57751,19.27356,1.05717,1,0.70610,0.62284,17.64898,1.05717,1,0,0.00000,9,5.34320,1,4.47141,1,0.00000,0,0.00000,0,0.00000,0,1,1,0,0.00000,0,,145.12766,347.62973,
15,page4,236,3.88086,580234374188,0.58684,0.24113,3.46362,0.41724,8,1,0.53577,0.22746,1,0.59405,0.34762,0,,0.35964,0.57685,19.28585,1.02194,1,0.70148,0.62129,17.24684,1.02194,1,0,0.00000,8,5.27179,1,4.51874,1,0.00000,0,0.00000,0,0.00000,0,1,1,0,0.00000,0,,40.38923,195.82552,
15,page4,250,4.10425,580236606353,0.42769,0.23627,3.89209,0.21216,9,1,0.27751,0.28756,1,0.59405,0.34762,0,,0.34938,0.58000,19.27844,1.01313,1,0.69112,0.62351,17.21475,1.02194,1,0,0.00000,8,5.30005,1,4.62037,1,0.00000,0,0.00000,0,0.00000,0,1,1,0,0.00000,0,,267.42062,178.90659,
15,page4,283,4.64819,580242046881,0.30876,0.28024,4.17017,0.47803,10,1,0.34419,0.24425,1,0.59405,0.34762,0,,0.35186,0.57977,19.06934,1.01313,1,0.69377,0.62327,17.29226,1.01313,1,0,0.00000,8,5.12065,1,4.28080,1,0.00000,0,0.00000,0,0.00000,0,1,1,0,0.00000,0,,205.06717,193.01103,
15,page4,304,4.99146,580245479194,0.38039,0.27041,4.66333,0.32813,11,1,0.61353,0.23251,1,0.59405,0.34762,0,,0.36399,0.58015,18.82155,1.02304,1,0.70504,0.62503,15.60439,1.01423,1,0,0.00000,8,5.06027,1,4.05892,1,0.00000,0,0.00000,0,0.00000,0,1,1,0,0.00000,0,,120.78020,4.90230,
15,page4,339,5.56665,580251231896,0.61632,0.26192,5.05737,0.50928,12,1,0.66061,0.21570,1,0.59405,0.34762,0,,0.36615,0.57972,19.14501,1.01313,1,0.70769,0.62490,15.67353,1.00432,1,0,0.00000,8,5.05941,1,4.37429,1,0.00000,0,0.00000,0,0.00000,0,1,1,0,0.00000,0,,396.46265,1.28841,
15,page4,357,5.86230,580254188476,0.63060,0.26921,5.58423,0.27808,13,1,0.61604,0.29180,1,0.59405,0.34762,0,,0.36498,0.57968,18.81692,0.97348,1,0.70627,0.62519,16.89299,0.97348,1,0,0.00000,8,5.13511,1,4.39812,1,0.00000,0,0.00000,0,0.00000,0,1,1,0,0.00000,0,,25.18191,342.30389,
15,page4,391,6.42090,580259774488,0.61138,0.25979,5.87939,0.54150,14,1,0.60491,0.19703,1,0.59405,0.34762,0,,0.36551,0.57908,19.59069,1.04837,1,0.70707,0.62373,16.73696,1.04837,1,0,0.00000,8,5.38247,1,4.66879,1,0.00000,0,0.00000,0,0.00000,0,1,1,0,0.00000,0,,33.77050,162.96904,
15,page4,404,6.63477,580261911419,0.40451,0.25602,6.43750,0.19727,15,1,0.31720,0.27112,1,0.59405,0.34762,0,,0.35300,0.57992,19.45172,1.02194,1,0.69483,0.62382,17.46530,1.01313,1,0,0.00000,8,5.17254,1,4.59516,1,0.00000,0,0.00000,0,0.00000,0,1,1,0,0.00000,0,,347.56418,179.34744,
15,page4,439,7.20972,580267661611,0.32385,0.29052,6.65137,0.55835,16,1,0.36027,0.29987,1,0.59405,0.34762,0,,0.35337,0.58005,18.42303,0.99661,1,0.69491,0.62386,16.60654,0.98780,1,0,0.00000,8,4.93439,1,4.29255,1,0.00000,0,0.00000,0,0.00000,0,1,1,0,0.00000,0,,140.26720,194.96667,
15,page4,472,7.75171,580273081431,0.39423,0.29515,7.22583,0.52588,17,1,0.47315,0.28594,1,0.59405,0.34762,0,,0.35899,0.58061,18.49633,1.01313,1,0.70030,0.62584,16.63960,1.01313,1,0,0.00000,8,5.08671,1,4.27707,1,0.00000,0,0.00000,0,0.00000,0,1,1,0,0.00000,0,,118.33830,357.64557,
15,page4,543,8.91797,580284744731,0.60383,0.30690,7.81763,1.10034,18,1,0.61012,0.29105,1,0.59405,0.34762,0,,0.36329,0.57980,18.74664,1.02194,1,0.70522,0.62503,15.97530,1.02194,1,0,0.00000,8,5.14912,1,4.24265,1,0.00000,0,0.00000,0,0.00000,0,1,1,0,0.00000,0,,352.34406,357.99335,
15,page4,589,9.67407,580292305529,0.60497,0.28229,8.93433,0.73975,19,1,0.58510,0.25040,1,0.59405,0.34762,0,,0.36413,0.57936,19.39782,1.05718,1,0.70586,0.62452,16.18842,1.05718,1,0,0.00000,8,5.22591,1,4.39418,1,0.00000,0,0.00000,0,0.00000,0,1,1,0,0.00000,0,,25.91136,85.76129,
15,page4,603,9.90649,580294628948,0.48810,0.29007,9.69019,0.21631,20,1,0.31667,0.35318,1,0.59405,0.34762,0,,0.35031,0.58228,19.21107,1.01313,1,0.69186,0.62593,17.26496,1.00432,1,0,0.00000,8,5.11005,1,4.43656,1,0.00000,0,0.00000,0,0.00000,0,1,1,0,0.00000,0,,196.51141,182.38248,
15,page4,630,10.34717,580299035658,0.30794,0.35895,9.97095,0.37622,21,1,0.29771,0.32330,1,0.59405,0.34762,0,,0.35055,0.58128,18.37489,1.04837,1,0.69225,0.62540,17.18100,1.03956,1,0,0.00000,7,5.08858,1,4.49452,1,0.00000,0,0.00000,0,0.00000,0,1,1,0,0.00000,0,,311.18988,193.43907,
15,page4,651,10.69238,580302488029,0.31510,0.33398,10.36328,0.32910,22,1,0.37587,0.36223,1,0.59405,0.34762,0,,0.35410,0.58101,17.88380,0.98670,1,0.69579,0.62591,16.45519,0.98670,1,0,0.00000,7,4.97709,1,4.36966,1,0.00000,0,0.00000,0,0.00000,0,1,1,0,0.00000,0,,28.84618,65.35478,
15,page4,683,11.21753,580307741123,0.35923,0.33678,10.70850,0.50903,23,1,0.34867,0.25845,1,0.59405,0.34762,0,,0.35375,0.58241,18.78297,1.05718,1,0.69546,0.62643,16.50996,1.05718,1,0,0.00000,7,5.01109,1,4.45869,1,0.00000,0,0.00000,0,0.00000,0,1,1,0,0.00000,0,,74.19664,357.72906,
15,page4,719,11.80957,580313660318,0.37645,0.32481,11.23413,0.57544,24,1,0.40742,0.34222,1,0.59405,0.34762,0,,0.35663,0.58052,18.36120,0.98670,1,0.69844,0.62616,16.60205,0.98670,1,0,0.00000,7,5.13099,1,4.27965,1,0.00000,0,0.00000,0,0.00000,0,1,1,0,0.00000,0,,31.54183,23.48264,
15,page4,817,13.41943,580329758210,0.60252,0.32411,11.87524,1.54419,25,1,0.41022,0.33978,1,0.59405,0.34762,0,,0.35848,0.58289,19.26974,1.01313,1,0.70105,0.62763,15.93973,1.02194,1,0,0.00000,7,5.37899,1,4.50550,1,0.00000,0,0.00000,0,0.00000,0,1,1,0,0.00000,0,,379.79831,0.11088,
15,page4,855,14.04321,580335997206,0.32449,0.34927,13.48511,0.55811,26,1,0.40358,0.38979,1,0.59405,0.34762,0,,0.35640,0.58196,18.31098,0.97128,1,0.69847,0.62744,15.65031,0.97128,1,0,0.00000,7,4.81780,1,4.13452,1,0.00000,0,0.00000,0,0.00000,0,1,1,0,0.00000,0,,467.83688,183.23712,
15,page4,886,14.55249,580341090594,0.39819,0.34787,14.05981,0.49268,27,1,0.31281,0.38845,1,0.59405,0.34762,0,,0.35440,0.58160,17.48458,0.98119,1,0.69586,0.62787,15.56142,0.97238,1,0,0.00000,7,4.65879,1,4.03188,1,0.00000,0,0.00000,0,0.00000,0,1,1,0,0.00000,0,,123.82471,0.68021,
15,page4,917,15.06201,580346185267,0.30761,0.37977,14.56934,0.49268,28,1,0.29656,0.33395,1,0.59405,0.34762,0,,0.35284,0.58244,17.34557,1.05718,1,0.69475,0.62779,15.82115,1.05718,1,0,0.00000,7,4.80381,1,4.01077,1,0.00000,0,0.00000,0,0.00000,0,1,1,0,0.00000,0,,155.81706,192.41341,
15,page4,930,15.27563,580348320422,0.45207,0.37854,15.07861,0.19702,29,1,0.58828,0.35979,1,0.59405,0.34762,0,,0.36408,0.58229,18.11648,1.01313,1,0.70589,0.62851,14.83159,1.00432,1,0,0.00000,7,4.83206,1,3.98206,1,0.00000,0,0.00000,0,0.00000,0,1,1,0,0.00000,0,,242.69624,0.30490,
15,page4,958,15.73560,580352920459,0.60749,0.34553,15.29224,0.44336,30,1,0.62970,0.31421,1,0.59405,0.34762,0,,0.36834,0.58283,17.74233,1.00432,1,0.70991,0.63022,14.50284,1.01313,1,0,0.00000,7,4.75221,1,3.91834,1,0.00000,0,0.00000,0,0.00000,0,1,1,0,0.00000,0,,263.39606,7.56153,
15,page4,994,16.32642,580358829064,0.61696,0.34960,15.75195,0.57446,31,1,0.61901,0.29300,1,0.59405,0.34762,0,,0.36669,0.58315,17.94454,1.03956,1,0.70867,0.62972,14.26171,1.03075,1,0,0.00000,7,4.62151,1,3.98383,1,0.00000,0,0.00000,0,0.00000,0,1,1,0,0.00000,0,,16.47356,344.96472,
15,page4,1009,16.57422,580361306971,0.55124,0.36022,16.34326,0.23096,32,1,0.31549,0.42522,1,0.59405,0.34762,0,,0.35523,0.58568,18.20000,0.98670,1,0.69764,0.63108,15.05015,0.98670,1,0,0.00000,7,4.67046,1,3.83147,1,0.00000,0,0.00000,0,0.00000,0,1,1,0,0.00000,0,,110.97122,185.76712,
15,page4,1056,17.34546,580369019164,0.30186,0.40942,16.63940,0.70605,33,1,0.33729,0.39361,1,0.59405,0.34762,0,,0.35477,0.58382,17.69239,0.98670,1,0.69724,0.62901,15.87017,0.98670,1,0,0.00000,7,4.92367,1,4.04174,1,0.00000,0,0.00000,0,0.00000,0,1,1,0,0.00000,0,,422.13141,187.02943,
15,page4,1089,17.88770,580374442255,0.36405,0.39437,17.36230,0.52539,34,1,0.38405,0.39507,1,0.59405,0.34762,0,,0.35861,0.58289,17.89827,0.99551,1,0.70094,0.62910,15.67604,1.00432,1,0,0.00000,7,4.91091,1,4.02837,1,0.00000,0,0.00000,0,0.00000,0,1,1,0,0.00000,0,,105.66750,8.60082,
15,page4,1118,18.36426,580379206770,0.40644,0.39403,17.90454,0.45972,35,1,0.43578,0.41644,1,0.59405,0.34762,0,,0.36052,0.58433,18.59702,0.99551,1,0.70295,0.63092,15.81480,0.99551,1,0,0.00000,7,4.84461,1,3.96960,1,0.00000,0,0.00000,0,0.00000,0,1,1,0,0.00000,0,,71.21604,0.28722,
15,page4,1148,18.85693,580384134102,0.45497,0.39534,18.38062,0.47632,36,1,0.57779,0.35298,1,0.59405,0.34762,0,,0.36777,0.58324,17.81252,1.02194,1,0.70997,0.63057,14.83599,1.02194,1,0,0.00000,7,5.00413,1,4.03942,1,0.00000,0,0.00000,0,0.00000,0,1,1,0,0.00000,0,,81.54206,359.03348,
15,page4,1198,19.67896,580392355254,0.61425,0.39653,18.87354,0.80542,37,1,0.61191,0.34232,1,0.59405,0.34762,0,,0.37014,0.58479,18.78668,1.05718,1,0.71224,0.63146,14.93394,1.05718,1,0,0.00000,7,4.92768,1,4.01270,1,0.00000,0,0.00000,0,0.00000,0,1,1,0,0.00000,0,,267.59338,359.73245,
15,page4,1217,19.99023,580395467656,0.58830,0.38670,19.69507,0.29517,38,1,0.36269,0.44278,1,0.59405,0.34762,0,,0.35841,0.58481,18.59660,1.02194,1,0.70075,0.63106,15.75846,1.01313,1,0,0.00000,7,4.98412,1,4.27376,1,0.00000,0,0.00000,0,0.00000,0,1,1,0,0.00000,0,,44.80124,166.68030,
15,page4,1262,20.72998,580402865243,0.32268,0.43971,20.05640,0.67358,39,1,0.29315,0.46857,1,0.59405,0.34762,0,,0.35423,0.58548,17.45395,0.96358,1,0.69682,0.63163,15.99551,0.97239,1,0,0.00000,6,4.59407,1,3.93256,1,0.00000,0,0.00000,0,0.00000,0,1,1,0,0.00000,0,,449.69949,187.10988,
15,page4,1281,21.04175,580405981691,0.32910,0.43736,20.74683,0.29492,40,1,0.34484,0.41791,1,0.59405,0.34762,0,,0.35632,0.58593,16.87019,1.01313,1,0.69927,0.63250,14.93538,1.00432,1,0,0.00000,6,4.40834,1,3.82717,1,0.00000,0,0.00000,0,0.00000,0,1,1,0,0.00000,0,,11.06424,12.88622,
15,page4,1304,21.42017,580409766442,0.39427,0.43002,21.05859,0.36157,41,1,0.41262,0.43022,1,0.59405,0.34762,0,,0.35960,0.58624,16.83626,0.99551,1,0.70223,0.63229,14.72319,0.98670,1,0,0.00000,6,4.36785,1,3.76621,1,0.00000,0,0.00000,0,0.00000,0,1,1,0,0.00000,0,,109.75652,4.02657,
15,page4,1349,22.16138,580417178239,0.38245,0.46043,21.73267,0.42871,42,1,0.35065,0.48753,1,0.59405,0.34762,0,,0.35754,0.58744,15.91980,0.97239,1,0.70017,0.63404,13.81571,0.95587,1,0,0.00000,7,3.96834,1,3.53547,1,0.00000,0,0.00000,0,0.00000,0,1,1,0,0.00000,0,,37.60159,238.12256,
15,page4,1388,22.80127,580423578283,0.35779,0.47333,22.17773,0.62354,43,1,0.33873,0.40124,1,0.59405,0.34762,0,,0.35695,0.58653,16.64727,1.03956,1,0.69963,0.63216,14.96709,1.04837,1,0,0.00000,7,4.24191,1,3.76884,1,0.00000,0,0.00000,0,0.00000,0,1,1,0,0.00000,0,,43.58692,198.10492,
15,page4,1415,23.24463,580428011118,0.44784,0.47095,22.81812,0.42651,44,1,0.58979,0.51189,1,0.59405,0.34762,0,,0.36760,0.58594,17.37517,0.99551,1,0.70960,0.63256,14.56238,0.98670,1,0,0.00000,7,4.52559,1,3.75166,1,0.00000,0,0.00000,0,0.00000,0,1,1,0,0.00000,0,,151.30469,0.94636,
15,page4,1442,23.68823,580432448046,0.59539,0.46595,23.25977,0.42847,45,1,0.61119,0.41809,1,0.59405,0.34762,0,,0.36889,0.58695,16.20318,1.05718,1,0.71107,0.63395,13.54485,1.04837,1,0,0.00000,6,4.51760,1,3.77099,1,0.00000,0,0.00000,0,0.00000,0,1,1,0,0.00000,0,,247.93962,1.21330,
15,page4,1475,24.22949,580437859451,0.60415,0.47558,23.70337,0.52612,46,1,0.49169,0.45488,1,0.59405,0.34762,0,,0.36345,0.58625,17.28350,0.98670,1,0.70485,0.63357,13.84275,0.98670,1,0,0.00000,6,4.84668,1,3.63475,1,0.00000,0,0.00000,0,0.00000,0,1,1,0,0.00000,0,,17.85567,325.50800,
15,page4,1501,24.65649,580442130409,0.32800,0.46860,24.29785,0.35864,47,1,0.29235,0.45277,1,0.59405,0.34762,0,,0.35470,0.58840,17.50244,1.02194,1,0.69791,0.63328,14.88881,1.02194,1,0,0.00000,6,4.62640,1,3.97080,1,0.00000,0,0.00000,0,0.00000,0,1,1,0,0.00000,0,,463.98984,179.09492,
15,page4,1517,24.91919,580444755428,0.36863,0.45970,24.67261,0.24658,48,1,0.42106,0.43865,1,0.59405,0.34762,0,,0.36055,0.58604,17.10424,1.03075,1,0.70321,0.63311,15.27039,1.03075,1,0,0.00000,6,4.68319,1,3.76830,1,0.00000,0,0.00000,0,0.00000,0,1,1,0,0.00000,0,,68.89509,7.79569,
15,page4,1535,25.21411,580447705488,0.46563,0.46328,24.93530,0.27881,49,1,0.58023,0.53440,1,0.59405,0.34762,0,,0.37043,0.58723,18.69851,0.97239,1,0.71243,0.63371,15.36521,0.96358,1,0,0.00000,6,4.89858,1,4.00042,1,0.00000,0,0.00000,0,0.00000,0,1,1,0,0.00000,0,,163.00331,358.67859,
15,page4,1585,26.03687,580455934495,0.60575,0.47627,25.23071,0.80615,50,1,0.61526,0.43423,1,0.59405,0.34762,0,,0.36680,0.58795,18.00239,1.03956,1,0.70902,0.63246,14.60833,1.04837,1,0,0.00000,6,4.72875,1,3.87456,1,0.00000,0,0.00000,0,0.00000,0,1,1,0,0.00000,0,,235.79649,356.68390,
15,page4,1609,26.42993,580459863929,0.58679,0.46676,26.05322,0.37671,51,1,0.35725,0.49126,1,0.59405,0.34762,0,,0.35659,0.58944,18.10441,1.03956,1,0.69926,0.63377,13.74780,1.04837,1,0,0.00000,6,4.66997,1,3.86012,1,0.00000,0,0.00000,0,0.00000,0,1,1,0,0.00000,0,,33.38128,162.59441,
15,page4,1631,26.79248,580463490234,0.33445,0.51811,26.49658,0.29590,52,1,0.33587,0.47733,1,0.59405,0.34762,0,,0.35308,0.59010,18.01111,1.03075,1,0.69612,0.63453,15.03770,1.03075,1,0,0.00000,6,4.64133,1,4.02994,1,0.00000,0,0.00000,0,0.00000,0,1,1,0,0.00000,0,,427.34619,187.24823,
15,page4,1650,27.10425,580466606417,0.33951,0.47931,26.80884,0.29541,53,1,0.37639,0.47772,1,0.59405,0.34762,0,,0.35626,0.58927,16.44652,1.01313,1,0.69899,0.63440,14.68956,1.00432,1,0,0.00000,6,4.41426,1,3.65989,1,0.00000,0,0.00000,0,0.00000,0,1,1,0,0.00000,0,,41.61742,78.21387,
15,page4,1671,27.44922,580470056702,0.41235,0.47491,27.12085,0.32837,54,1,0.43304,0.45471,1,0.59405,0.34762,0,,0.35900,0.58898,16.16378,1.02194,1,0.70188,0.63563,13.81414,1.02194,1,0,0.00000,6,4.25642,1,3.54851,1,0.00000,0,0.00000,0,0.00000,0,1,1,0,0.00000,0,,122.45840,2.16213,
15,page4,1686,27.69556,580472519292,0.50056,0.49915,27.46558,0.22998,55,1,0.57428,0.53132,1,0.59405,0.34762,0,,0.36569,0.59085,16.37354,0.98670,1,0.70841,0.63718,13.10558,0.98670,1,0,0.00000,5,4.42800,1,3.62674,1,0.00000,0,0.00000,0,0.00000,0,1,1,0,0.00000,0,,150.36261,350.25458,
15,page4,1720,28.25391,580478103979,0.60121,0.51119,27.71240,0.54150,56,1,0.63042,0.46074,1,0.59405,0.34762,0,,0.36830,0.59016,16.88773,1.05718,1,0.71065,0.63663,13.36124,1.05718,1,0,0.00000,5,4.40602,1,3.68302,1,0.00000,0,0.00000,0,0.00000,0,1,1,0,0.00000,0,,169.56390,355.72427,
15,page4,1752,28.78052,580483368852,0.61436,0.55325,28.27026,0.51025,57,1,0.61077,0.59172,1,0.59405,0.34762,0,,0.36678,0.59235,18.01137,0.97128,1,0.70938,0.63756,13.99703,0.97128,1,0,0.00000,5,4.64193,1,3.73783,1,0.00000,0,0.00000,0,0.00000,0,1,1,0,0.00000,0,,49.38045,296.57593,
15,page4,1803,29.61743,580491739862,0.62033,0.55682,28.79712,0.82031,58,1,0.62112,0.63517,1,0.59405,0.34762,0,,0.36752,0.59433,18.62984,0.99661,1,0.70999,0.63973,14.52698,0.98890,1,0,0.00000,5,4.94671,1,3.92310,1,0.00000,0,0.00000,0,0.00000,0,1,1,0,0.00000,0,,10.70723,339.50763,
15,page4,1844,30.29126,580498477620,0.61606,0.61806,29.63379,0.65747,59,1,0.63966,0.56880,1,0.59405,0.34762,0,,0.36788,0.59454,17.94971,1.03075,1,0.71064,0.63960,13.96492,1.03075,1,0,0.00000,5,4.78673,1,3.74016,1,0.00000,0,0.00000,0,0.00000,0,1,1,0,0.00000,0,,64.70097,263.63437,
15,page4,1873,30.77246,580503289109,0.61370,0.59894,30.30835,0.46411,60,1,0.58481,0.67415,1,0.59405,0.34762,0,,0.36676,0.59661,17.44412,1.00432,1,0.70951,0.64148,13.43815,1.01313,1,0,0.00000,5,4.51821,1,3.67835,1,0.00000,0,0.00000,0,0.00000,0,1,1,0,0.00000,0,,20.46376,101.17168,
15,page4,1903,31.26392,580508203407,0.60863,0.65376,30.78564,0.47827,61,1,0.58968,0.86797,1,0.59405,0.34762,0,,0.36713,0.59490,15.62326,1.01533,1,0.71043,0.64133,12.40730,0.99881,1,0,0.00000,5,4.32337,1,3.48064,1,0.00000,0,0.00000,0,0.00000,0,1,1,0,0.00000,0,,58.18776,261.58276,
15,page4,1921,31.55884,580511152796,0.59814,0.74969,31.32813,0.23071,62,1,0.61872,0.70030,1,0.59405,0.34762,0,,0.36714,0.59538,16.16868,1.02194,1,0.71003,0.64095,13.02713,1.02194,1,0,0.00000,5,4.47197,1,3.51958,1,0.00000,0,0.00000,0,0.00000,0,1,1,0,0.00000,0,,102.25657,260.07593,
15,page4,1960,32.19922,580517556235,0.60970,0.68854,31.57251,0.62671,63,1,0.60074,0.70787,1,0.59405,0.34762,0,,0.36588,0.59620,16.51030,1.02194,1,0.70853,0.64047,12.74224,1.02194,1,0,0.00000,5,4.47795,1,3.42226,1,0.00000,0,0.00000,0,0.00000,0,1,1,0,0.00000,0,,67.08036,73.17102,
15,page4,2033,33.39917,580529557396,0.60625,0.71071,32.21484,1.18433,64,1,0.61783,0.77485,1,0.59405,0.34762,0,,0.36687,0.60034,18.52844,1.04066,1,0.71053,0.64551,15.44358,1.04837,1,0,0.00000,5,4.82026,1,3.87485,1,0.00000,0,0.00000,0,0.00000,0,1,1,0,0.00000,0,,23.98922,256.01846,
15,page4,2133,35.03931,580545958607,0.60514,0.81655,33.41406,1.62524,65,1,0.61483,0.84896,1,0.59405,0.34762,0,,0.36712,0.60030,19.04211,1.01313,1,0.71125,0.64569,15.98672,1.02194,1,0,0.00000,5,4.95081,1,4.01823,1,0.00000,0,0.00000,0,0.00000,0,1,1,0,0.00000,0,,111.14766,269.03864,
15,page4,2235,36.71826,580562746145,0.62779,0.82716,35.05566,1.66260,66,1,0.64516,0.80680,1,0.59405,0.34762,0,,0.36766,0.60172,14.31783,1.00762,1,0.71095,0.64754,10.64141,1.02414,1,0,0.00000,4,3.74973,1,3.15643,1,0.00000,0,0.00000,0,0.00000,0,1,1,0,0.00000,0,,39.64928,343.68152,
15,page4,2261,37.14331,580566998682,0.61053,0.82783,36.73486,0.40845,67,1,0.62947,0.82246,1,0.59405,0.34762,0,,0.36726,0.60105,14.20075,1.00432,1,0.70987,0.64740,11.29851,0.99551,1,0,0.00000,4,3.93708,1,3.08131,1,0.00000,0,0.00000,0,0.00000,0,1,1,0,0.00000,0,,29.00524,181.38979,