subj,stimulus,timestamp,x,y,duration,prev_sacc_amplitude,aoi_label
User 26,page1,0.062990,699.052800,182.884500,0.133300,0.000000,
User 26,page1,0.245610,683.839200,80.293500,0.113280,0.000000,
User 26,page1,0.391600,572.896800,91.098000,0.066410,111.467275,
User 26,page1,0.474120,601.574400,105.906000,0.164550,32.275093,
User 26,page1,0.704100,707.891100,27.229125,0.131350,132.262207,
User 26,page1,0.851560,713.059200,82.619250,0.033210,55.630704,
User 26,page1,0.917480,631.503600,118.051500,0.034180,88.919965,
User 26,page1,0.968750,603.444800,106.011500,0.163090,30.532898,
User 26,page1,1.182620,770.078400,82.750500,0.016110,168.249311,
User 26,page1,1.213380,716.410800,39.044250,0.032710,69.213059,
User 26,page1,1.279300,746.188800,123.261600,0.098630,89.326879,
User 26,page1,1.443360,828.492000,67.707500,0.049320,99.297909,
User 26,page1,1.509770,809.919600,18.826500,0.032220,52.290403,
User 26,page1,1.575200,810.196800,86.236500,0.015620,67.410570,
User 26,page1,1.607910,823.828320,75.402600,0.081540,17.412402,
User 26,page1,1.755370,905.822400,130.189500,0.082030,98.613557,
User 26,page1,1.854000,912.764160,84.126000,0.081550,46.583624,
User 26,page1,2.001950,1019.921538,110.242731,0.246590,110.294095,
User 26,page1,2.314450,860.656533,86.174667,0.163580,161.073317,
User 26,page1,2.560550,596.715840,148.185100,0.247560,271.127246,
User 26,page1,2.841310,772.606800,186.249000,0.049320,179.962469,
User 26,page1,2.906250,744.831360,146.757450,0.163570,48.281027,
User 26,page1,3.102540,785.702400,130.105500,0.016600,44.133087,
User 26,page1,3.168460,642.789000,89.704125,0.065430,148.514346,
User 26,page1,3.267090,616.442400,162.268167,0.197270,77.198986,
User 26,page1,3.496090,523.924800,166.183500,0.016610,92.600411,
User 26,page1,3.529790,578.113200,143.997000,0.032710,58.554449,
User 26,page1,3.578610,551.362560,189.081900,0.082030,52.423706,
User 26,page1,3.676760,548.419200,175.672875,0.065920,13.728267,
User 26,page1,3.791990,682.422720,138.167400,0.165530,139.153168,
User 26,page1,4.041020,805.845600,227.419500,0.015130,152.312654,
User 26,page1,4.072270,807.916200,150.971625,0.066400,76.475911,
User 26,page1,4.187500,901.375440,194.035800,0.163570,102.903609,
User 26,page1,4.400880,1024.520000,165.844000,0.049800,126.330362,
User 26,page1,4.533200,763.123200,131.504625,0.130860,263.642712,
User 26,page1,4.695800,858.137280,160.220550,0.165040,99.258651,
User 26,page1,4.926270,1043.263200,195.951000,0.017090,188.542492,
User 26,page1,4.976560,1041.628000,283.801000,0.048340,87.865217,
User 26,page1,5.058590,1042.745760,194.953500,0.082040,88.854531,
User 26,page1,5.222170,902.781600,60.606000,0.016110,194.008291,
User 26,page1,5.271000,962.829000,180.828375,0.065910,134.384187,
User 26,page1,5.353520,926.998800,132.373500,0.032710,60.263406,
User 26,page1,5.484860,581.154000,148.995000,0.032720,346.243989,
User 26,page1,5.550290,531.552000,209.727000,0.016600,78.413865,
User 26,page1,5.583010,567.732900,186.203062,0.133300,43.155917,
User 26,page1,5.765140,669.208400,180.503750,0.097650,101.635423,
User 26,page1,5.880370,691.051200,216.709500,0.031250,42.284326,
User 26,page1,5.961910,810.993867,197.220333,0.146980,121.515723,
User 26,page1,6.158690,919.951200,239.620500,0.015630,116.916528,
User 26,page1,6.191410,975.021600,198.786000,0.032710,68.558044,
User 26,page1,6.240720,929.890080,153.861400,0.247070,63.679461,
User 26,page1,6.536620,1079.416800,215.848500,0.032720,161.866119,
User 26,page1,6.585450,1050.310800,189.409500,0.032710,39.321495,
User 26,page1,6.652830,1053.144400,214.352250,0.229980,25.103188,
User 26,page1,6.962890,550.336800,223.165500,0.247070,502.884834,
User 26,page1,7.275390,728.453600,255.997000,0.065920,181.117370,
User 26,page1,7.374020,711.578000,149.299500,0.098640,108.023805,
User 26,page1,7.523440,828.850400,191.645300,0.277830,124.683530,
User 26,page1,7.817380,848.349600,189.241500,0.016600,19.646808,
User 26,page1,7.866700,731.500350,201.790312,0.279300,117.521147,
User 26,page1,8.195310,797.307000,206.695125,0.083010,65.989184,
User 26,page1,8.311040,867.363840,192.515400,0.082510,71.477447,
User 26,page1,8.414550,894.443631,202.722692,0.207520,28.939659,
User 26,page1,8.671390,1049.183100,243.301406,0.328610,159.971671,
User 26,page1,9.082520,579.255106,246.587559,0.296390,469.939484,
User 26,page1,9.397460,520.447200,209.078100,0.079100,69.751912,
User 26,page1,9.493650,600.915000,185.569125,0.065430,83.831609,
User 26,page1,9.625000,770.182560,196.256550,0.164060,169.604622,
User 26,page1,9.822270,829.929164,213.858273,0.180660,62.285450,
User 26,page1,10.019530,860.109600,284.151000,0.033690,76.497884,
User 26,page1,10.100590,921.199200,195.711000,0.169920,107.487547,
User 26,page1,10.332520,1064.981647,263.946221,0.605960,159.152246,
User 26,page1,11.003910,562.060800,257.297250,0.049800,502.964797,
User 26,page1,11.069820,601.078800,275.273250,0.033210,42.959759,
User 26,page1,11.120610,552.578880,228.866400,0.082030,67.125539,
User 26,page1,11.219240,591.331200,219.573500,0.360350,39.850976,
User 26,page1,11.595700,638.563800,268.361625,0.065920,67.905815,
User 26,page1,11.727050,813.261400,243.299000,0.198730,176.486222,
User 26,page1,11.974120,910.410000,284.963250,0.295900,105.706008,
User 26,page1,12.305180,1014.859440,260.106000,0.177240,107.366514,
User 26,page1,12.499510,1088.976000,282.607500,0.066900,77.456968,
User 26,page1,12.632320,570.233558,281.647026,0.344730,518.743331,
User 26,page1,13.090820,998.566800,223.818000,0.032720,432.219345,
User 26,page1,13.140630,1039.224000,312.216000,0.114740,97.299611,
User 26,page1,13.288090,1088.816400,252.022050,0.180660,77.991780,
User 26,page1,13.550780,509.611200,308.332500,0.016600,581.936019,
User 26,page1,13.583980,537.675600,287.548500,0.246100,34.922560,
User 26,page1,13.881840,644.515200,313.414500,0.080070,109.926112,
User 26,page1,13.978520,692.680800,302.547000,0.016110,49.376387,
User 26,page1,14.027340,655.527600,288.049125,0.067870,39.881683,
User 26,page1,14.109860,621.129600,292.624500,0.015630,34.700958,
User 26,page1,14.191410,744.277800,234.538500,0.065910,136.159695,
User 26,page1,14.273440,765.403800,305.174625,0.082030,73.727675,
User 26,page1,14.388670,876.536640,254.872800,0.082030,121.986810,
User 26,page1,14.536620,669.292400,269.120250,0.099610,207.733398,
User 26,page1,14.651860,667.371600,343.586250,0.032710,74.490769,
User 26,page1,14.717770,654.749760,245.372400,0.098640,99.021569,
User 26,page1,14.914550,813.207600,278.996250,0.248540,161.985957,
User 26,page1,15.209960,911.067600,302.583000,0.344730,100.662378,
User 26,page1,15.603520,833.565600,322.129500,0.016600,79.928879,
User 26,page1,15.636720,817.882800,275.852500,0.098630,48.862163,
User 26,page1,16.031740,637.672000,324.835000,0.049310,186.749077,
User 26,page1,16.098140,626.614800,247.269750,0.031740,78.349408,
User 26,page1,16.165040,757.712073,307.007591,0.196290,144.066320,
User 26,page1,16.394530,867.749867,310.671667,0.163090,110.098781,
User 26,page1,16.590330,1017.520000,315.885500,0.164550,149.860858,
User 26,page1,16.804200,1112.790000,345.492000,0.032230,99.764311,
User 26,page1,16.936040,509.577600,371.889000,0.016110,603.789699,
User 26,page1,16.968260,527.391200,372.415750,0.097660,17.821386,
User 26,page1,17.148440,1062.358080,322.704900,0.197260,537.271562,
User 26,page1,17.361820,1082.956000,395.059000,0.049310,75.228918,
User 26,page1,17.526370,596.662777,354.678113,0.969240,487.966919,
User 26,page1,18.511720,592.687200,307.455750,0.033200,47.389417,
User 26,page1,18.630860,812.044800,328.319250,0.030270,220.347549,
User 26,page1,18.679200,793.077600,288.777000,0.129390,43.855948,
User 26,page1,18.909670,999.356400,254.604000,0.029780,209.090261,
User 26,page1,18.958010,1016.326871,290.388000,0.277340,39.604186,
User 26,page1,19.251950,1078.758800,353.482500,0.114750,88.761826,
User 26,page1,19.465330,557.482800,312.413062,0.149420,522.891353,
User 26,page1,19.629880,591.047100,359.986594,0.262210,58.222016,
User 26,page1,19.924800,561.271200,291.758250,0.033210,74.442670,
User 26,page1,19.974610,569.656267,348.511333,0.146970,57.369171,
User 26,page1,20.138180,555.049600,295.512000,0.050780,54.975304,
User 26,page1,20.253910,694.026274,378.737211,1.034660,161.990591,
User 26,page1,21.321780,787.287200,405.802250,0.130860,97.108788,
User 26,page1,21.501950,775.450667,343.785167,0.147460,63.136536,
User 26,page1,21.719730,860.575366,337.549293,0.670410,85.352800,
User 26,page1,22.458500,958.552000,341.012000,0.063470,98.037805,
User 26,page1,22.537600,945.037477,406.051154,0.246090,66.428412,
User 26,page1,22.816410,952.862400,357.136500,0.049800,49.536580,
User 26,page1,22.915040,1057.016800,416.088000,0.362300,119.680485,
User 26,page1,23.358890,568.069200,386.154750,0.229980,489.862996,
User 26,page1,23.638180,682.298400,446.187000,0.016120,129.043331,
User 26,page1,23.687010,681.853200,340.134375,0.065430,106.053559,
User 26,page1,23.834470,837.261600,404.802000,0.148930,168.326090,
User 26,page1,24.033200,987.220800,375.751500,0.118170,152.747155,
User 26,page1,24.197750,1098.610800,381.092250,0.032720,111.517961,
User 26,page1,24.360840,578.791200,407.628000,0.115230,520.496458,
User 26,page1,24.575200,716.835467,387.047500,0.147940,139.569970,
User 26,page1,24.754390,716.704800,280.812000,0.016610,106.235580,
User 26,page1,24.803220,805.672000,375.768167,0.165040,130.122390,
User 26,page1,25.069340,949.929600,331.360500,0.112790,150.938054,
User 26,page1,25.231930,1064.624400,424.242000,0.065430,147.586823,
User 26,page1,25.395510,538.414800,413.610750,0.050290,526.316983,
User 26,page1,25.462400,585.312000,436.663500,0.017580,52.256834,
User 26,page1,25.609380,708.120000,442.785000,0.016110,122.960472,
User 26,page1,25.691410,752.085600,360.643500,0.017570,93.167591,
User 26,page1,25.724610,765.626400,451.873800,0.097660,92.229718,
User 26,page1,25.873540,851.696160,397.784100,0.163570,101.654804,
User 26,page1,26.052730,886.744320,449.746500,0.115730,62.677464,
User 26,page1,26.201170,958.464150,364.561969,0.295410,111.355909,
User 26,page1,26.562990,1043.384160,451.308900,0.115230,121.393732,
User 26,page1,26.808590,574.866600,455.858812,0.147950,468.539652,
User 26,page1,26.990230,693.121800,452.825625,0.098640,118.294093,
User 26,page1,27.136720,780.805200,452.844000,0.049320,87.683402,
User 26,page1,27.218750,762.518400,390.505500,0.017090,64.965342,
User 26,page1,27.285160,784.240800,461.632500,0.032710,74.370107,
User 26,page1,27.665530,893.054400,426.468000,0.015620,114.354456,
User 26,page1,27.745120,636.720000,474.978000,0.016600,260.884160,
User 26,page1,27.794430,575.332800,485.383500,0.098150,62.262852,
User 26,page1,27.926270,689.278800,504.593250,0.033690,115.553907,
User 26,page1,27.991210,770.767200,439.341000,0.131350,104.394518,
User 26,page1,28.139160,761.845280,466.686500,0.247560,28.764162,
User 26,page1,28.402830,746.897760,455.960400,0.115720,18.397760,
User 26,page1,28.582520,918.453480,457.061850,0.410160,171.559256,
User 26,page1,29.009280,866.997600,456.176438,0.132810,51.463497,
User 26,page1,29.158690,919.221800,475.393625,0.212400,55.647708,
User 26,page1,29.403810,1001.339294,461.614588,0.607420,83.265507,
User 26,page1,30.060550,1110.482100,486.972938,0.132320,112.049980,
User 26,page1,30.324220,566.098400,496.349000,0.049320,544.464437,
User 26,page1,30.389650,549.353280,508.200000,0.115230,20.514513,
User 26,page1,30.538090,648.923800,483.505750,0.262200,102.587009,
User 26,page1,30.833500,808.226779,483.555947,0.689940,159.302987,
User 26,page1,31.573730,975.959815,487.915615,0.212400,167.789684,
User 26,page1,31.851560,841.265600,486.931375,0.213870,134.697811,
User 26,page1,32.132320,971.573867,504.970667,0.146000,131.550980,
User 26,page1,32.328130,1092.806400,544.089000,0.016110,127.387484,
User 26,page1,32.361330,1109.563200,501.624000,0.114740,45.651578,
User 26,page1,32.541990,557.223692,490.627038,0.214850,552.448970,
User 26,page1,32.806640,665.725200,496.902000,0.031740,108.682806,
User 26,page1,32.854980,638.904000,501.753000,0.016600,27.256357,
User 26,page1,32.920900,803.769867,499.721833,0.148440,164.878378,
User 26,page1,33.149900,906.685920,534.928800,0.082520,108.771524,
User 26,page1,33.297850,1039.143000,491.283187,0.132330,139.462603,
User 26,page1,33.461910,1155.173600,516.250000,0.049320,118.686317,
User 26,page1,33.609860,587.351520,548.148300,0.082030,568.717343,
User 26,page1,33.758790,719.059600,539.208250,0.130860,132.011147,
User 26,page1,33.971190,836.205600,541.519500,0.148440,117.168798,
User 26,page1,34.168460,1002.206100,538.476750,0.132320,166.028384,
User 26,page1,34.350100,1101.616320,523.317900,0.082520,100.559349,
User 26,page1,34.512700,659.076600,562.007250,0.099600,444.227723,
User 26,page1,34.628910,643.818000,513.770250,0.033200,50.592816,
User 26,page1,34.678220,667.867200,565.299000,0.016600,56.864542,
User 26,page1,34.710940,622.423200,554.594250,0.049800,46.687780,
User 26,page1,34.809080,780.382400,530.990250,0.213380,159.713048,
User 26,page1,35.071780,900.473280,546.884100,0.180660,121.138078,
User 26,page1,35.318360,1075.956000,562.800000,0.015620,176.203010,
User 26,page1,35.384280,700.142100,533.524687,0.164550,376.952426,
User 26,page1,35.564940,630.359520,548.748900,0.181640,71.423981,
User 26,page1,35.762700,713.594215,545.390192,0.213370,83.302434,
User 26,page1,36.058110,972.518400,533.885100,0.081540,259.179668,
User 26,page1,36.156250,994.043400,565.133625,0.065920,37.944643,
User 26,page1,36.271480,1110.463200,578.602500,0.016120,117.196333,
User 26,page1,36.303710,1099.576800,533.401313,0.131350,46.493667,
User 26,page1,36.534180,539.952000,573.657000,0.033200,561.070795,
User 26,page1,36.583500,575.530667,620.840500,0.163570,59.094198,
User 26,page1,36.878910,852.737760,554.255100,0.164060,285.091894,
User 26,page1,37.075680,976.050982,562.105091,0.180670,123.562830,
User 26,page1,37.321780,1124.692800,585.490500,0.017090,150.470155,
User 26,page1,37.469730,552.918240,616.893900,0.082520,572.636290,
User 26,page1,37.568360,560.840000,597.443000,0.066890,21.002185,
User 26,page1,37.667480,660.340800,582.113438,0.148440,100.674747,
User 26,page1,37.881350,864.869305,560.934868,0.329100,205.622084,
User 26,page1,38.291990,720.298232,578.628474,0.328130,145.649782,
User 26,page1,38.654300,802.237333,564.839333,0.146480,83.091256,
User 26,page1,38.867190,1001.588000,559.758500,0.081540,199.415404,
User 26,page1,38.965820,995.164800,597.590000,0.049810,38.372906,
User 26,page1,39.080570,1095.070200,603.388625,0.197750,100.073538,
User 26,page1,39.344240,618.568720,602.042350,0.491700,476.503382,
User 26,page1,39.852540,704.928000,641.161500,0.016110,94.806293,
User 26,page1,39.918460,626.868738,469.177154,0.212890,188.869965,
User 26,page1,40.181150,544.320000,552.667500,0.049810,117.409251,
User 26,page1,40.246580,592.302000,585.880500,0.231450,58.355597,
User 26,page1,40.493160,585.702600,605.259375,0.067880,20.471758,
User 26,page1,40.591800,672.872480,585.513600,0.280270,89.378317,
User 26,page1,40.939450,860.281333,565.238333,0.178230,188.502426,
User 26,page1,41.133790,851.611600,580.708625,0.197260,17.733984,
User 26,page1,41.380370,754.647600,557.529000,0.032720,99.696100,
User 26,page1,41.429690,751.968000,506.982000,0.049800,50.617976,
User 26,page1,41.824220,861.907200,551.260500,0.016600,118.520940,
User 26,page1,41.856450,869.047200,494.865000,0.033200,56.845686,
User 26,page1,41.941890,1030.568000,534.835000,0.048340,166.392818,
User 26,page1,42.037600,669.715200,562.915500,0.016110,361.943722,
User 26,page1,42.070800,688.040123,554.030885,0.245120,20.365147,
User 26,page1,42.382320,1003.867200,560.899500,0.016120,315.901758,
User 26,page1,42.415040,1014.063120,512.923950,0.164550,49.047020,
User 26,page1,42.596190,1100.425200,519.020250,0.035160,86.576982,
User 26,page1,42.646970,1074.872400,571.278750,0.031740,58.171268,
User 26,page1,42.792970,560.224000,565.528250,0.098630,514.680526,
User 26,page1,42.908200,552.190800,530.780250,0.032720,35.664489,
User 26,page1,42.957520,563.148000,568.668000,0.131350,39.440358,
User 26,page1,43.121580,661.973550,540.374625,0.262700,102.795936,
User 26,page1,43.403810,615.451200,532.024500,0.014160,47.265777,
User 26,page1,43.466800,792.107400,587.698125,0.065910,185.221396,
User 26,page1,43.548830,781.127200,554.862000,0.115230,34.623343,
User 26,page1,43.712890,891.657600,548.164500,0.115240,110.733129,
User 26,page1,43.894530,1027.320000,547.432500,0.129880,135.664375,
User 26,page1,44.123050,583.973600,582.211000,0.050290,444.708415,
User 26,page1,44.222660,595.653333,628.437250,0.328610,47.678951,
User 26,page1,44.619140,711.167400,587.618625,0.507320,122.513917,
User 26,page1,45.191890,861.436800,583.189950,0.163580,150.334646,
User 26,page1,45.373050,816.328800,537.547500,0.016110,64.171371,
User 26,page1,45.421880,882.714000,603.004500,0.032710,93.228824,
User 26,page1,45.471190,812.112000,577.615500,0.018560,75.028286,
User 26,page1,45.520510,934.316320,587.808900,0.246580,122.628713,
User 26,page1,45.799800,1024.081333,567.833000,0.295410,91.960830,
User 26,page1,46.160160,1131.524800,616.973000,0.084470,118.147527,
User 26,page1,46.260250,1114.470764,598.187864,0.229010,25.371667,
User 26,page1,46.505860,1090.986400,593.508222,0.459960,23.946072,
User 26,page1,47.097660,552.162800,595.528500,0.147460,538.827387,
User 26,page1,47.261720,631.495200,625.601813,0.147460,84.841227,
User 26,page1,47.458980,536.821600,618.454813,0.427250,94.942984,
User 26,page1,47.918460,655.032000,642.495000,0.016600,120.630134,
User 26,page1,47.984380,752.935200,576.846000,0.132810,117.876324,
User 26,page1,48.132320,775.136320,597.260300,0.246590,30.160129,
User 26,page1,48.415040,894.131280,600.351150,0.161130,119.035095,
User 26,page1,48.625490,957.940200,565.944750,0.130860,72.493990,
User 26,page1,48.772950,989.100000,615.016500,0.016600,58.128907,
User 26,page1,48.854980,845.971467,587.699000,0.147950,145.712123,
User 26,page1,49.020020,831.826800,556.925250,0.032710,33.868795,
User 26,page1,49.086910,863.368800,638.872500,0.014650,87.808027,
User 26,page1,49.134770,740.407200,597.868500,0.147940,129.618221,
User 26,page1,49.331540,851.501000,580.307000,0.197760,112.473280,
User 26,page1,49.561520,962.145333,559.328000,0.165530,112.615660,
User 26,page1,49.760740,1042.748700,621.395250,0.129400,101.731245,
User 26,page1,49.906740,1030.680000,581.169750,0.032710,41.996957,
User 26,page1,49.956050,1106.604800,621.586000,0.065920,86.011909,
User 26,page1,50.038090,1111.152000,569.772000,0.016600,52.013149,
User 26,page1,50.153810,590.453850,612.987375,0.278320,522.488404,
User 26,page1,50.448730,651.624960,633.494400,0.082030,64.516996,
User 26,page1,50.546880,658.963200,603.596700,0.098630,30.785098,
User 26,page1,50.694820,846.511120,581.581700,0.492680,188.835597,
User 26,page1,51.236820,725.911200,569.110500,0.034180,121.243027,
User 26,page1,51.290040,763.614600,586.711125,0.079590,41.609234,
User 26,page1,51.467770,989.365440,633.137400,0.098150,230.475250,
User 26,page1,51.631840,1092.358909,607.585364,0.180170,106.115792,
User 26,page1,51.911130,560.341950,674.407125,0.262700,536.196972,
User 26,page1,52.240720,728.263200,633.910500,0.114260,172.735413,
User 26,page1,52.435550,902.104000,595.912625,0.197750,177.945110,
User 26,page1,52.666500,1029.420000,641.312318,0.213380,135.168399,
User 26,page1,52.912600,1152.580800,666.288000,0.082520,125.667686,
User 26,page1,53.093260,564.630080,660.719500,0.247560,587.977089,
User 26,page1,53.375000,657.098400,598.531500,0.014160,111.434903,
User 26,page1,53.422360,653.557333,668.160500,0.147460,69.718984,
User 26,page1,53.619630,784.744800,591.769500,0.016110,151.808222,
User 26,page1,53.651860,765.508800,627.418615,0.231440,40.507816,
User 26,page1,53.931640,728.270716,649.026000,0.625490,43.052921,
User 26,page1,54.588870,942.111927,645.762409,0.182130,213.866114,
User 26,page1,54.818360,1067.215800,634.895625,0.098630,125.574942,
User 26,page1,54.933590,1137.900960,685.318200,0.082040,86.826424,
User 26,page1,55.099610,576.741900,679.443188,0.310060,561.189813,
User 26,page1,55.458500,705.199950,666.773625,0.263670,129.081325,
User 26,page1,55.756840,799.483200,638.215500,0.113770,98.513439,
User 26,page1,55.919430,939.273300,654.302250,0.166020,140.712670,
User 26,page1,56.148930,1097.470500,667.852500,0.131830,158.776457,
User 26,page1,56.363770,556.005600,681.913500,0.129880,541.647440,
User 26,page1,56.511720,551.367600,654.123750,0.032710,28.174124,
User 26,page1,56.560550,589.411200,703.395000,0.016110,62.249270,
User 26,page1,56.626950,712.286400,652.855875,0.064460,132.862779,
User 26,page1,56.708010,679.341600,702.229500,0.016110,59.355831,
User 26,page1,56.775880,822.813600,611.556750,0.033200,169.722604,
User 26,page1,56.857910,999.524400,708.484875,0.063970,201.548427,
User 26,page1,56.954590,969.788400,629.307000,0.032230,84.577571,
User 26,page1,57.086910,1102.080000,711.123000,0.015140,155.547180,
User 26,page1,57.184080,573.501600,713.205281,0.279300,528.582501,
User 26,page1,57.495610,696.082800,688.852500,0.049310,124.976832,
User 26,page1,57.610840,818.776000,676.511500,0.098630,123.312293,
User 26,page1,57.758790,917.716800,700.150500,0.016110,101.725534,
User 26,page1,57.791500,913.067400,698.880000,0.131350,4.819864,
User 26,page1,57.939450,904.495200,678.961500,0.017090,21.684770,
User 26,page1,57.988770,995.080800,751.243500,0.016110,115.889769,
User 26,page1,58.070800,993.798400,642.005000,0.098150,109.246027,
User 26,page1,58.186520,990.385200,695.462250,0.032720,53.566104,
User 26,page1,58.235840,1024.699200,720.552000,0.016600,42.508189,
User 26,page1,58.301760,906.050208,686.758380,0.460450,123.367711,
User 26,page1,58.778810,1028.583360,692.577900,0.114740,122.671269,
User 26,page1,58.926760,1134.176400,710.782800,0.164060,107.150868,
User 26,page1,59.171880,558.658800,743.071000,0.116210,576.422619,
User 26,page1,59.303220,547.232700,704.752125,0.131840,39.986147,
User 26,page1,59.486820,680.883323,699.316962,0.210930,133.761093,
User 26,page1,59.714360,634.695600,706.193250,0.032710,46.696778,
User 26,page1,59.763670,709.111200,720.394500,0.032720,75.758544,
User 26,page1,59.812500,657.232800,738.528000,0.017090,54.956275,
User 26,page1,59.895510,844.048800,714.822500,0.049310,188.314016,
User 26,page1,59.978030,855.103200,622.419000,0.016110,93.062380,
User 26,page1,60.042480,984.060000,635.528250,0.033200,129.621405,
User 26,page1,60.108400,973.476000,714.861955,0.213380,80.036602,
User 26,page1,60.373540,1074.093600,711.911250,0.244140,100.660857,
User 26,page1,60.686520,696.910200,720.405000,0.194340,377.279023,
User 26,page1,60.896970,687.388800,681.964500,0.016600,39.602135,
User 26,page1,60.946290,791.830200,697.823875,0.200190,105.638657,
User 26,page1,61.192870,862.621200,685.524000,0.033690,71.851601,
User 26,page1,61.244140,899.144400,721.165200,0.162110,51.031748,
User 26,page1,61.422360,862.405600,711.291000,0.098640,38.042598,
User 26,page1,61.554690,983.886400,710.120250,0.114740,121.486441,
User 26,page1,61.685060,1031.788800,712.662300,0.082520,47.969802,
User 26,page1,61.784180,976.735200,703.731000,0.018070,55.773354,
User 26,page1,61.816890,1036.291200,730.933000,0.049320,65.474162,
User 26,page1,61.883300,1094.276400,740.547937,0.146490,58.776955,
User 26,page1,62.045900,1174.538400,736.645000,0.049800,80.356839,
User 26,page1,62.128910,1101.324000,749.511000,0.032710,74.336279,
User 26,page1,62.260250,533.584800,780.722250,0.033700,568.596466,
User 26,page1,62.326660,523.316640,716.366700,0.082520,65.169563,
User 26,page1,62.425780,556.407600,778.013250,0.065430,69.966483,
User 26,page1,62.571780,646.373000,725.823000,0.197260,104.007670,
User 26,page1,62.785640,730.732800,719.953500,0.033700,84.563745,
User 26,page1,62.835940,696.166800,763.533750,0.033200,55.624154,
User 26,page1,62.917480,849.811200,748.185900,0.082520,154.409061,
User 26,page1,63.083010,1027.780800,746.091000,0.146480,177.981929,
User 26,page1,63.262700,935.789400,721.424813,0.131830,95.240950,
User 26,page1,63.410640,986.025600,702.990750,0.065430,53.511592,
User 26,page1,63.492190,995.366400,747.610500,0.049800,45.586979,
User 26,page1,63.558590,946.442560,732.028500,0.278810,51.345310,
User 26,page1,63.855470,901.137000,721.642125,0.507810,46.480862,
User 26,page1,64.396000,967.422400,754.134500,0.082030,73.820788,
User 26,page1,64.495120,936.667200,776.044500,0.032220,37.761494,
User 26,page1,64.576660,1071.709800,785.203125,0.066410,135.352814,
User 26,page1,64.660160,1104.539520,741.642300,0.080560,54.546641,
User 26,page1,64.823240,608.950484,750.467605,0.361820,495.667609,
User 26,page1,65.217770,791.425091,750.699409,0.180670,182.474754,
User 26,page1,65.431640,894.423600,746.999750,0.262210,103.064933,
User 26,page1,65.759770,1005.463200,764.005773,0.182120,112.334312,
User 26,page1,66.005860,1117.351200,763.917000,0.082030,111.888035,
User 26,page1,66.188960,509.977440,792.764700,0.260260,608.058446,
User 26,page1,66.515630,672.655200,715.758750,0.032220,179.983249,
User 26,page1,66.564450,715.859200,735.388500,0.049320,47.454322,
User 26,page1,66.646480,754.336800,762.985125,0.065430,47.350812,
User 26,page1,66.761230,866.124000,740.066250,0.034180,114.112457,
User 26,page1,66.817870,891.903600,779.386125,0.058590,47.017447,
User 26,page1,66.893070,907.998000,741.378750,0.048340,41.274572,
User 26,page1,66.975100,869.383200,777.567000,0.016110,52.921567,
User 26,page1,67.057130,975.346400,794.888500,0.049320,107.369614,
User 26,page1,67.156740,1095.357600,781.795500,0.114740,120.723298,
User 26,page1,67.287600,1124.194400,758.110500,0.049310,37.316756,
User 26,page1,67.418950,576.555000,774.837000,0.065430,547.894778,
User 26,page1,67.500980,550.546080,806.274000,0.213380,40.801334,
User 26,page1,67.747070,678.969900,812.659313,0.361330,128.582463,
User 26,page1,68.158200,589.528800,766.440500,0.048830,100.677152,
User 26,page1,68.240230,619.936800,841.782375,0.147950,81.246813,
User 26,page1,68.470210,864.600800,799.013250,0.427250,248.374055,
User 26,page1,68.913090,805.224000,797.779500,0.017090,59.389616,
User 26,page1,68.979000,948.462480,797.913900,0.542000,143.238543,
User 26,page1,69.570800,1064.944246,790.809115,0.213380,116.698243,
User 26,page1,69.833500,897.733200,794.855250,0.032710,167.259993,
User 26,page1,69.882810,892.220000,770.451500,0.065920,25.018761,
User 26,page1,69.964840,857.690400,802.378500,0.033210,47.027934,
User 26,page1,70.014160,906.318000,802.982250,0.050290,48.631348,
User 26,page1,70.113770,800.158800,766.599750,0.032710,112.220595,
User 26,page1,70.179690,870.517200,801.885000,0.032220,78.710567,
User 26,page1,70.279790,1071.520800,818.765500,0.063470,201.711176,
User 26,page1,70.359860,1063.528800,792.195000,0.131840,27.746415,
User 26,page1,70.508300,1040.827200,776.170500,0.017580,27.787538,
User 26,page1,70.557130,1138.908960,807.170700,0.098140,102.864202,
User 26,page1,70.720700,510.031200,821.160577,0.230470,629.033349,
User 26,page1,71.016600,661.966400,835.316500,0.345220,152.593234,
User 26,page1,71.397460,755.996640,831.915000,0.079100,94.091744,
User 26,page1,71.493160,798.316400,795.840500,0.098640,55.608737,
User 26,page1,71.673830,895.456800,831.117000,0.115230,103.347418,
User 26,page1,71.821780,892.264800,865.473000,0.049310,34.503965,
User 26,page1,71.937990,1097.120400,825.101625,0.458490,208.795749,
User 26,page1,72.413090,1051.124400,839.627250,0.246090,48.235110,
User 26,page1,72.676760,1056.711600,821.475375,0.097650,18.992298,
User 26,page1,72.791500,1084.258560,821.295300,0.082040,27.547549,
User 26,page1,72.955080,751.392923,860.452385,0.213870,335.160871,
User 26,page1,73.218260,870.432436,849.729682,0.229490,119.521471,
User 26,page1,73.530270,1044.179564,833.628409,0.197270,174.491591,
User 26,page1,73.760250,1144.369800,816.170250,0.066410,101.699906,
User 26,page1,73.941410,533.929200,809.229750,0.032710,610.480054,
User 26,page1,73.990720,535.610400,856.756500,0.114750,47.556476,
User 26,page1,74.122560,534.660000,907.226250,0.032710,50.478698,
User 26,page1,74.223630,772.025673,826.245000,0.193360,250.799572,
User 26,page1,74.482910,879.788000,837.800250,0.098140,108.380086,
User 26,page1,74.631350,1024.213400,847.158375,0.229980,144.728265,
User 26,page1,74.894040,1118.371520,854.545300,0.246100,94.447436,
User 26,page1,75.222170,776.443500,813.739500,0.133790,344.354300,
User 26,page1,75.452150,560.691600,886.220125,0.197260,227.601238,
User 26,page1,75.698730,678.575100,862.545469,0.262210,120.237303,
User 26,page1,75.994140,763.555800,874.881000,0.064940,85.871326,
User 26,page1,76.075680,757.064000,891.416750,0.098640,17.764417,
User 26,page1,76.223630,989.335200,838.204500,0.016120,238.288594,
User 26,page1,76.273930,975.710400,868.539000,0.081540,33.253828,
User 26,page1,76.443360,1108.114560,883.707300,0.077150,133.270173,
User 26,page1,76.601560,651.194880,914.946900,0.082520,457.986361,
User 26,page1,76.717770,606.337200,896.238000,0.032230,48.602823,
User 26,page1,76.832030,819.033600,909.081833,0.180670,213.083839,
User 26,page1,77.062010,933.858240,893.741100,0.082030,115.844879,
User 26,page2,0.065430,1082.314800,904.003800,0.197270,0.000000,protection_privacy
User 26,page2,0.347170,574.216364,25.596136,0.358880,0.000000,act_procedures_cont
User 26,page2,0.757320,680.484000,31.468500,0.017090,106.429766,act_procedures_cont
User 26,page2,1.297360,814.816800,8.676500,0.049810,136.252620,act_procedures_cont
User 26,page2,1.790530,1061.214000,59.125500,0.033200,251.508811,act_procedures_cont
User 26,page2,2.070310,574.740600,27.155625,0.082030,487.522760,act_procedures_cont
User 26,page2,2.382810,713.703200,44.936500,0.049320,140.095552,act_procedures_cont
User 26,page2,2.695310,1090.975200,48.478500,0.016600,377.288627,act_procedures_cont
User 26,page2,2.728520,1054.398240,46.725000,0.114740,36.618967,act_procedures_cont
User 26,page2,3.072270,851.037600,24.360000,0.016600,204.586762,act_procedures_cont
User 26,page2,3.105470,891.928800,22.955625,0.147460,40.915309,act_procedures_cont
User 26,page2,3.302250,973.459200,35.777000,0.049310,82.532380,act_procedures_cont
User 26,page2,3.453130,541.422000,3.701250,0.030760,433.226264,act_procedures_cont
User 26,page2,3.517580,566.056400,63.476000,0.097650,64.651948,act_procedures_cont
User 26,page2,3.731930,729.565200,6.426000,0.080570,173.175721,act_procedures_cont
User 26,page2,3.860840,891.819600,45.792750,0.248540,166.961766,act_procedures_cont
User 26,page2,4.176760,1048.154800,19.775000,0.111330,158.485388,act_procedures_cont
User 26,page2,4.370120,571.011000,69.500375,0.196770,479.727859,act_procedures_cont
User 26,page2,4.599610,692.235600,150.108000,0.033200,145.578133,participation_time
User 26,page2,4.665530,688.836400,61.600000,0.098630,88.573250,act_procedures_cont
User 26,page2,4.797360,811.297200,86.668750,0.115240,125.000359,act_procedures_cont
User 26,page2,5.010740,562.954560,65.998800,0.082520,249.201352,act_procedures_cont
User 26,page2,5.357910,863.792160,33.854100,0.194820,302.550067,act_procedures_cont
User 26,page2,5.618650,1024.331467,78.782667,0.198240,166.707664,act_procedures_cont
User 26,page2,5.947750,615.407752,79.483914,0.493660,408.924316,act_procedures_cont
User 26,page2,6.473630,696.901800,84.672000,0.066410,81.659024,act_procedures_cont
User 26,page2,6.587400,825.165600,55.629000,0.016600,131.510829,act_procedures_cont
User 26,page2,6.637210,807.396000,107.620500,0.147950,54.944288,act_procedures_cont
User 26,page2,6.851070,902.027280,77.471100,0.164070,99.318002,act_procedures_cont
User 26,page2,7.081050,1092.604800,71.429750,0.098640,190.673252,act_procedures_cont
User 26,page2,7.245120,646.598400,86.499000,0.147950,446.260900,act_procedures_cont
User 26,page2,7.475100,846.095600,68.019000,0.115230,200.351299,act_procedures_cont
User 26,page2,7.606450,819.756000,52.216500,0.017570,30.716340,act_procedures_cont
User 26,page2,7.672360,979.574400,57.802500,0.016600,159.915992,act_procedures_cont
User 26,page2,7.705080,996.956800,81.098500,0.098630,29.066328,act_procedures_cont
User 26,page2,7.853030,1074.880800,46.368000,0.016600,85.313290,act_procedures_cont
User 26,page2,7.951660,953.312945,31.731955,0.213380,122.445731,act_procedures_cont
User 26,page2,8.230470,603.277920,93.767100,0.100580,355.489632,act_procedures_cont
User 26,page2,8.347170,614.796000,164.923500,0.032710,72.082588,participation_time
User 26,page2,8.444340,716.856000,150.244500,0.116210,103.110216,participation_time
User 26,page2,8.608890,832.020000,111.678000,0.016110,121.450080,act_procedures_cont
User 26,page2,8.642090,827.907360,103.527900,0.081540,9.128961,act_procedures_cont
User 26,page2,9.036130,751.255050,136.374656,0.263190,83.393561,act_procedures_cont
User 26,page2,9.348140,1004.304000,128.593500,0.016120,253.168555,act_procedures_cont
User 26,page2,9.397460,989.062200,204.167250,0.065430,77.095422,risks_discomforts
User 26,page2,9.479490,982.773120,142.629900,0.081550,61.857885,act_procedures_cont
User 26,page2,9.610350,1075.223100,185.150438,0.147950,101.759495,participation_time
User 26,page2,9.889650,571.887867,158.728500,0.313480,504.028249,participation_time
User 26,page2,10.268070,685.158600,143.842125,0.132810,114.244751,act_procedures_cont
User 26,page2,10.432130,821.866691,196.595318,0.246090,146.533278,risks_discomforts
User 26,page2,10.728520,914.474400,106.907062,0.146480,128.919242,act_procedures_cont
User 26,page2,10.908200,1001.920800,176.142000,0.165530,111.536314,participation_time
User 26,page2,11.106450,1093.310400,176.001000,0.032710,91.389709,participation_time
User 26,page2,11.237300,575.710240,188.003200,0.262700,517.739296,participation_time
User 26,page2,11.549320,703.119480,186.920475,0.361320,127.413840,participation_time
User 26,page2,11.943850,645.330933,197.443167,0.163570,58.738771,risks_discomforts
User 26,page2,12.159180,743.097600,207.469500,0.015140,98.279441,risks_discomforts
User 26,page2,12.190920,714.840000,186.301500,0.016600,35.306886,participation_time
User 26,page2,12.256840,837.911760,232.786050,0.212400,131.557864,risks_discomforts
User 26,page2,12.501950,953.731200,279.945000,0.114750,125.052426,possible_benefits
User 26,page2,12.633300,997.609200,291.611250,0.033200,45.402426,possible_benefits
User 26,page2,12.733890,1096.141200,224.474250,0.030760,119.230582,risks_discomforts
User 26,page2,12.863280,612.905354,256.611923,0.229980,484.303328,risks_discomforts
User 26,page2,13.125980,717.691800,253.746938,0.131830,104.825605,risks_discomforts
User 26,page2,13.339840,887.118400,234.955000,0.114750,170.465567,risks_discomforts
User 26,page2,13.471680,870.782400,282.645000,0.114750,50.410326,possible_benefits
User 26,page2,13.621580,960.960000,265.284250,0.128910,91.833519,possible_benefits
User 26,page2,13.816410,1064.439600,290.078250,0.032710,106.408506,possible_benefits
User 26,page2,13.947270,617.915760,315.815850,0.197750,447.264982,possible_benefits
User 26,page2,14.214360,766.281600,329.117250,0.144040,148.960900,possible_benefits
User 26,page2,14.408200,871.277867,308.176167,0.229500,107.064210,possible_benefits
User 26,page2,14.686520,782.342400,200.742937,0.165040,139.468333,risks_discomforts
User 26,page2,14.916990,943.710982,195.451773,0.181150,161.455305,risks_discomforts
User 26,page2,15.147460,1027.152000,221.991000,0.016110,87.559889,risks_discomforts
User 26,page2,15.229490,783.601200,224.149500,0.246100,243.560365,risks_discomforts
User 26,page2,15.574220,573.792800,400.309000,0.049800,273.955716,exclusion_inclusion
User 26,page2,16.019530,576.062400,419.641500,0.130860,19.465268,exclusion_inclusion
User 26,page2,16.203130,752.384267,418.698000,0.143060,176.324391,exclusion_inclusion
User 26,page2,16.379390,878.156533,406.630000,0.164070,126.349910,exclusion_inclusion
User 26,page2,16.594730,1014.451200,408.586500,0.016110,136.308709,exclusion_inclusion
User 26,page2,16.626950,1000.400800,417.480000,0.098640,16.628532,exclusion_inclusion
User 26,page2,16.773440,1106.431200,418.120500,0.032710,106.032335,exclusion_inclusion
User 26,page2,16.822750,1097.140800,464.383500,0.016610,47.186616,exclusion_inclusion
User 26,page2,16.958500,592.704000,473.712167,0.160150,504.523051,exclusion_inclusion
User 26,page2,17.167970,666.181600,421.786750,0.099120,89.973366,exclusion_inclusion
User 26,page2,17.348140,830.424000,393.355500,0.131840,166.685038,exclusion_inclusion
User 26,page2,17.545410,946.500800,414.253000,0.147950,117.942906,exclusion_inclusion
User 26,page2,17.728030,1059.450000,426.407625,0.063960,113.601306,exclusion_inclusion
User 26,page2,17.874020,613.055874,493.233632,0.312020,451.368399,exclusion_inclusion
User 26,page2,18.219240,550.099200,511.833000,0.016110,65.646624,mandatory_reporting
User 26,page2,18.252440,596.095733,506.716000,0.180180,46.280285,mandatory_reporting
User 26,page2,18.465820,676.137382,516.729818,0.198240,80.665619,mandatory_reporting
User 26,page2,18.728030,883.053600,493.491000,0.131830,208.217108,exclusion_inclusion
User 26,page2,18.909670,1062.892320,506.341500,0.098630,180.297256,mandatory_reporting
User 26,page2,19.090330,580.511077,525.722077,0.246100,482.770412,mandatory_reporting
User 26,page2,19.435550,838.847520,513.250500,0.097650,258.637310,mandatory_reporting
User 26,page2,19.599120,1045.643200,535.158167,0.165530,207.952877,mandatory_reporting
User 26,page2,19.780270,1074.780000,477.645000,0.016120,64.472610,exclusion_inclusion
User 26,page2,19.829590,1118.258400,539.889000,0.033200,75.925535,mandatory_reporting
User 26,page2,19.993160,650.578133,551.401667,0.164070,467.821946,mandatory_reporting
User 26,page2,20.174320,677.880000,557.455500,0.016110,27.964993,mandatory_reporting
User 26,page2,20.223630,574.015200,603.060000,0.130860,113.435740,mandatory_reporting
User 26,page2,20.371090,549.091200,559.739250,0.033210,49.978927,mandatory_reporting
User 26,page2,20.420900,596.954400,571.084500,0.016110,49.189436,mandatory_reporting
User 26,page2,20.470210,526.176000,553.434000,0.016120,72.946022,mandatory_reporting
User 26,page2,20.502930,605.363564,610.305818,0.179690,97.493969,equipment_devices
User 26,page2,20.699220,660.102240,642.555900,0.083010,63.532594,equipment_devices
User 26,page2,20.814940,746.172000,634.087125,0.082030,86.485396,equipment_devices
User 26,page2,20.913570,756.491400,604.721250,0.082040,31.126269,mandatory_reporting
User 26,page2,21.061520,899.455200,644.847000,0.032720,148.488127,equipment_devices
User 26,page2,21.110840,935.592000,593.741400,0.082030,62.591139,mandatory_reporting
User 26,page2,21.242190,1029.758400,597.207000,0.147460,94.230151,mandatory_reporting
User 26,page2,21.406250,1098.491520,646.537500,0.081540,84.603428,equipment_devices
User 26,page2,21.570310,544.507200,646.824750,0.230470,553.984394,equipment_devices
User 26,page2,21.883790,726.657867,638.944833,0.163090,182.321031,equipment_devices
User 26,page2,22.079590,839.979467,642.563833,0.147950,113.379373,equipment_devices
User 26,page2,22.309570,524.447280,648.784500,0.213870,315.593500,equipment_devices
User 26,page2,22.588870,724.987200,686.798700,0.115230,204.111095,equipment_devices
User 26,page2,22.835450,982.044000,667.495500,0.032710,257.780550,equipment_devices
User 26,page2,22.885250,975.821280,683.562600,0.082520,17.230030,equipment_devices
User 26,page2,23.016110,1095.057600,701.310750,0.050300,120.549977,equipment_devices
User 26,page2,23.163570,751.615200,650.212500,0.017090,347.222858,equipment_devices
User 26,page2,23.295410,578.175537,745.120895,0.361820,197.709181,equipment_devices
User 26,page2,23.673830,590.667840,775.070100,0.180170,32.450155,protection_privacy
User 26,page2,23.903320,753.556533,761.310667,0.168460,163.468800,protection_privacy
User 26,page2,24.150880,963.225900,783.088688,0.148440,210.797357,protection_privacy
User 26,page2,24.364750,1093.596000,812.474250,0.049800,133.640841,protection_privacy
User 26,page2,24.495120,598.790182,832.071545,0.196290,495.193752,protection_privacy
User 26,page2,24.707520,553.602000,832.503000,0.032710,45.190242,protection_privacy
User 26,page2,24.773930,625.766400,844.777500,0.016110,73.200847,protection_privacy
User 26,page2,24.806640,602.028000,861.462000,0.016600,29.015240,protection_privacy
User 26,page2,24.858400,710.844960,834.903300,0.079590,112.011139,protection_privacy
User 26,page2,24.954590,709.993200,856.432500,0.049320,21.546043,protection_privacy
User 26,page2,25.053710,784.350000,803.880000,0.031740,91.053275,protection_privacy
User 26,page2,25.102050,813.363600,714.687750,0.033200,93.792571,equipment_devices
User 26,page2,25.151860,791.341600,776.219500,0.050780,65.353843,protection_privacy
User 26,page2,25.383790,644.943600,759.412500,0.096680,147.359593,protection_privacy
User 26,page3,0.346190,635.930400,46.396000,0.049320,0.000000,protection_privacy_cont
User 26,page3,0.606930,531.014400,8.032500,0.032720,111.710005,protection_privacy_cont
User 26,page3,0.985840,761.611200,10.053750,0.032230,230.605658,protection_privacy_cont
User 26,page3,1.150880,1000.322400,13.426875,0.179200,238.735031,protection_privacy_cont
User 26,page3,1.346680,1002.237600,30.103500,0.115230,16.786239,protection_privacy_cont
User 26,page3,1.642090,600.633600,38.346000,0.016600,401.688575,protection_privacy_cont
User 26,page3,1.675290,631.523200,64.963500,0.049320,40.775712,protection_privacy_cont
User 26,page3,1.741210,619.694880,37.953300,0.081540,29.486608,protection_privacy_cont
User 26,page3,1.855960,563.341333,115.911833,0.183590,96.193841,contact
User 26,page3,2.085940,631.134000,123.774000,0.098140,68.247046,contact
User 26,page3,2.266110,574.828800,409.752000,0.197270,291.468166,consent
User 26,page3,2.512700,580.946800,157.204250,0.098630,252.621844,contact
User 26,page3,2.676760,673.049236,141.073227,0.196780,93.504378,contact
User 26,page3,2.922850,773.021455,90.399273,0.197270,112.081640,protection_privacy_cont
User 26,page3,3.153320,844.153800,157.996125,0.066410,98.128207,contact
User 26,page3,3.236820,851.797800,71.957813,0.130370,86.377207,protection_privacy_cont
User 26,page3,3.416990,982.599164,144.004159,0.377440,149.330750,contact
User 26,page3,3.811520,1037.475600,158.249000,0.097660,56.695139,contact
User 26,page3,3.974610,927.654000,80.220000,0.032710,134.719370,protection_privacy_cont
User 26,page3,4.057130,902.218800,161.325500,0.147460,85.000303,contact
User 26,page3,4.221190,898.497600,95.753000,0.049810,65.678003,protection_privacy_cont
User 26,page3,4.319820,1034.902400,122.216500,0.049320,138.948142,contact
User 26,page3,4.401860,1056.068160,218.975400,0.083000,99.046828,contact
User 26,page3,4.502440,1060.550400,145.286750,0.097170,73.824844,contact
User 26,page3,4.665040,601.524000,243.579000,0.016600,469.432213,contact
User 26,page3,4.698240,560.460600,186.654125,0.213380,70.190058,contact
User 26,page3,4.927730,639.574473,165.394091,0.197270,81.920656,contact
User 26,page3,5.158200,766.054154,164.940462,0.229980,126.480495,contact
User 26,page3,5.454100,875.690400,161.050500,0.114260,109.705234,contact
User 26,page3,5.584960,868.280000,107.082500,0.049320,54.474389,protection_privacy_cont
User 26,page3,5.700200,709.384200,138.554500,0.197260,161.982598,contact
User 26,page3,6.242680,892.130400,162.162000,0.015620,184.264722,contact
User 26,page3,6.274900,879.648000,100.488500,0.049810,62.924009,protection_privacy_cont
User 26,page3,6.372560,996.406320,155.683500,0.180660,129.147177,contact
User 26,page3,6.570310,1051.232700,138.563250,0.131350,57.437226,contact
User 26,page3,6.718260,1092.084000,195.520500,0.017090,70.092489,contact
User 26,page3,6.817870,575.215200,177.959250,0.246090,517.167046,contact
User 26,page3,7.129390,740.896800,196.339500,0.016120,166.698009,contact
User 26,page3,7.179200,722.950200,139.471500,0.196290,59.632624,contact
User 26,page3,7.409180,872.222400,151.972333,0.146970,149.794728,contact
User 26,page3,7.621580,1048.336800,188.769000,0.016600,179.917416,contact
User 26,page3,7.671390,1079.080800,249.889500,0.016110,68.417169,contact
User 26,page3,7.722170,1057.476000,183.112125,0.063960,70.185363,contact
User 26,page3,7.802730,1068.177600,251.910750,0.032720,69.625965,contact
User 26,page3,7.852050,1050.477120,212.198700,0.082030,43.478200,contact
User 26,page3,7.950680,1125.163200,228.396000,0.017580,76.422268,contact
User 26,page3,7.982910,1111.311600,174.210750,0.033690,55.927705,contact
User 26,page3,8.115230,577.766400,178.216500,0.131350,533.560237,contact
User 26,page3,8.295900,633.763200,266.490000,0.016110,104.536369,contact
User 26,page3,8.377440,750.780800,176.649667,0.147950,147.527639,contact
User 26,page3,8.591310,852.176267,175.413000,0.147950,101.403008,contact
User 26,page3,8.788570,1007.169046,189.337615,0.229980,155.617019,contact
User 26,page3,9.133300,623.330400,226.915500,0.099120,385.673701,contact
User 26,page3,9.314450,912.441600,196.835471,0.377440,290.671798,contact
User 26,page3,9.742190,593.309850,212.572500,0.278810,319.519527,contact
User 26,page3,10.168460,1070.972509,197.086909,0.179680,477.913611,contact
User 26,page3,10.365720,1064.520800,165.389000,0.048830,32.347828,contact
User 26,page3,10.529790,646.164960,195.665400,0.081050,419.449960,contact
User 26,page3,10.644530,560.290080,198.338700,0.099120,85.916480,contact
User 26,page3,10.760740,517.245120,188.533800,0.081550,44.147533,contact
User 26,page3,10.925290,673.579200,171.454500,0.014650,157.264259,contact
User 26,page3,10.974120,734.473600,215.446000,0.098150,75.122434,contact
User 26,page3,11.137700,814.821000,175.499625,0.131340,89.729692,contact
User 26,page3,11.301760,936.583200,205.241167,0.147460,125.341903,contact
User 26,page3,11.498540,1029.580533,211.305500,0.180660,93.194850,contact
User 26,page3,11.794920,582.405600,207.469500,0.017090,447.191386,contact
User 26,page3,11.828130,580.277600,203.033250,0.098630,4.920234,contact
User 26,page3,11.943360,564.782400,200.560500,0.032710,15.691262,contact
User 26,page3,12.041500,705.993600,207.529500,0.130860,141.383061,contact
User 26,page3,12.189450,750.489600,214.343769,0.263190,45.014756,contact
User 26,page3,12.501460,856.198165,206.252118,0.278330,106.017807,contact
User 26,page3,12.862300,636.602400,277.567500,0.017580,230.885651,contact
User 26,page3,12.929200,563.589600,244.398000,0.032710,80.194044,contact
User 26,page3,13.026860,783.232800,278.407500,0.147940,222.260616,contact
User 26,page3,13.224120,921.197760,295.862700,0.115240,139.064784,contact
User 26,page3,13.389650,1064.439600,303.154250,0.098140,143.427304,contact
User 26,page3,13.552250,596.764800,272.193000,0.131340,468.698536,contact
User 26,page3,13.734860,734.171200,328.891500,0.112800,148.644673,contact
User 26,page3,13.896970,822.150000,344.982750,0.034180,89.438233,consent
User 26,page3,14.014160,594.736800,389.326000,0.080570,231.696110,consent
User 26,page3,14.111820,622.910400,426.457500,0.016110,46.610085,consent
User 26,page3,14.209960,746.464600,353.219125,0.214360,143.629732,consent
User 26,page3,14.457030,841.209600,372.382500,0.032720,96.663592,consent
User 26,page3,14.507320,836.059467,432.133333,0.147470,59.972377,consent
User 26,page3,14.723630,1001.061600,397.322625,0.126960,168.634188,consent
User 26,page3,14.932620,620.730133,434.511000,0.164060,382.145260,consent
User 26,page3,15.163090,759.141600,426.368250,0.032220,138.650779,consent
User 26,page3,15.280760,581.784000,488.126333,0.161130,187.802500,consent
User 26,page3,15.474120,733.322100,480.977437,0.148930,151.706633,consent
User 26,page3,15.640140,737.083200,462.626500,0.082520,18.732399,consent
User 27,page1,0.048830,737.082150,275.085562,0.295900,0.000000,
User 27,page1,0.361330,731.152800,202.692000,0.114740,0.000000,
User 27,page1,0.543950,671.675200,171.706500,0.049310,67.064790,
User 27,page1,0.607420,633.822933,173.786667,0.147950,37.909381,
User 27,page1,0.771970,624.540000,100.191000,0.016600,74.178804,
User 27,page1,0.821290,764.056533,54.917333,0.164550,146.678451,
User 27,page1,1.019040,782.451600,126.887250,0.032720,74.283561,
User 27,page1,1.084470,795.446400,17.647000,0.049320,110.010441,
User 27,page1,1.183110,828.576000,133.591500,0.016110,120.584814,
User 27,page1,1.216310,853.316400,70.042500,0.229490,68.195035,
User 27,page1,1.462400,839.605200,84.385000,0.131350,19.841984,
User 27,page1,1.628910,771.846432,101.243520,0.458000,69.824497,
User 27,page1,2.154300,637.724640,126.666750,0.179200,136.510057,
User 27,page1,2.350100,611.227680,104.052900,0.081540,34.834970,
User 27,page1,2.448240,623.765520,168.659400,0.164060,65.811832,
User 27,page1,2.662110,592.220677,142.816154,0.262210,40.779290,
User 27,page1,2.941410,618.578400,242.346000,0.130860,102.960768,
User 27,page1,3.088870,596.666000,196.285250,0.377930,51.007313,
User 27,page1,3.516600,676.456200,217.749000,0.212890,82.626682,
User 27,page1,3.779300,582.792000,342.772500,0.279780,156.217342,
User 27,page1,4.090820,598.716533,219.176300,0.837400,124.617862,
User 27,page1,4.961430,670.580000,222.725500,0.377440,71.951057,
User 27,page1,5.355470,749.338800,258.342000,0.033200,86.437744,
User 27,page1,5.420900,748.786500,197.379656,0.312010,60.964846,
User 27,page1,5.782710,840.355200,212.949000,0.281250,92.882890,
User 27,page1,6.094730,914.508840,208.921125,0.378410,74.262952,
User 27,page1,6.538570,1058.227200,196.423500,0.131350,144.260728,
User 27,page1,6.702640,1067.198618,213.908864,0.197260,19.652590,
User 27,page1,6.965330,1083.734400,303.933000,0.066410,91.530198,
User 27,page1,7.048340,1105.456800,291.900000,0.015620,24.832554,
User 27,page1,7.146480,663.727938,321.711923,0.212900,442.733710,
User 27,page1,7.378420,577.112200,325.163125,0.196290,86.684468,
User 27,page1,7.623540,566.496000,364.297500,0.016110,40.548773,
User 27,page1,7.655760,586.261200,313.302500,0.098630,54.691436,
User 27,page1,7.803710,686.806105,351.693079,0.377930,107.624879,
User 27,page1,8.214360,596.862000,360.701250,0.032710,90.394077,
User 27,page1,8.263670,576.169440,304.890180,0.428220,59.523588,
User 27,page1,8.709470,577.949077,314.672077,0.426270,9.942465,
User 27,page1,9.166990,683.160800,294.790125,0.246580,107.073800,
User 27,page1,9.446290,591.294327,339.102273,0.180170,101.995173,
User 27,page1,9.643070,550.849407,389.207483,0.577630,64.391953,
User 27,page1,10.562990,557.264960,389.613700,0.265620,6.428401,
User 27,page1,10.844730,627.631200,362.280692,0.211420,75.488417,
User 27,page1,11.072750,638.127840,405.371400,0.081550,44.350745,
User 27,page1,11.170900,614.537280,360.689700,0.279780,50.526912,
User 27,page1,11.466310,630.634200,428.297625,0.131830,69.497787,
User 27,page1,11.614750,633.679200,340.021500,0.016110,88.328627,
User 27,page1,11.680180,998.664240,401.274300,0.164550,370.089158,
User 27,page1,11.926760,577.136000,464.937500,0.344720,426.308644,
User 27,page1,12.304200,571.863600,398.590500,0.032710,66.556161,
User 27,page1,12.354000,565.662109,448.415864,0.196780,50.209813,
User 27,page1,12.600590,666.581440,487.888800,0.263670,108.364312,
User 27,page1,12.896480,611.024400,385.743750,0.033210,116.276377,
User 27,page1,12.963380,678.731200,506.058000,0.048830,138.056979,
User 27,page1,13.043950,591.050880,497.306040,0.427240,88.116033,
User 27,page1,13.487790,595.312582,499.125136,0.197270,4.633704,
User 27,page1,13.766600,761.896800,542.183250,0.098630,172.059010,
User 27,page1,13.947750,812.044070,852.507326,0.395020,314.349775,
User 27,page1,14.358400,887.566400,866.605833,0.180170,76.827015,
User 27,page1,14.588380,795.280000,844.509500,0.378420,94.894824,
User 27,page1,15.051760,1049.126400,871.626000,0.045410,255.290617,
User 27,page1,15.113770,996.626400,880.194000,0.016600,53.194554,
User 27,page1,15.180180,1094.579446,910.094365,0.459470,102.414995,
User 27,page2,0.047360,1122.795927,913.138227,0.197270,0.000000,protection_privacy
User 27,page2,0.343260,817.236000,434.295750,0.032720,0.000000,exclusion_inclusion
User 27,page2,0.441410,698.868000,210.763500,0.115230,252.938036,risks_discomforts
User 27,page2,0.605470,596.833745,108.251182,0.213870,144.636664,act_procedures_cont
User 27,page2,0.836430,591.140073,96.373773,0.180170,13.171589,act_procedures_cont
User 27,page2,1.049800,591.179400,68.496750,0.064950,27.877050,act_procedures_cont
User 27,page2,1.164550,602.742764,185.138864,0.580080,117.213882,participation_time
User 27,page2,1.756350,670.349400,179.083406,0.279290,67.877285,participation_time
User 27,page2,2.068360,609.721108,178.077577,0.263180,60.636635,participation_time
User 27,page2,2.364260,656.767569,184.358192,0.476070,47.463835,participation_time
User 27,page2,2.857420,590.999446,212.846308,0.230470,71.672999,risks_discomforts
User 27,page2,3.104490,585.015200,199.909500,0.425780,14.253848,risks_discomforts
User 27,page2,3.546880,645.942621,243.324103,0.525870,74.812956,risks_discomforts
User 27,page2,4.089360,629.548500,212.341500,0.131340,35.052659,risks_discomforts
User 27,page2,4.270020,582.225382,299.913409,0.689450,99.540528,possible_benefits
User 27,page2,4.991700,594.367200,192.958500,0.017090,107.641889,risks_discomforts
User 27,page2,5.025390,629.214353,228.877147,0.296880,50.044713,risks_discomforts
User 27,page2,5.338870,665.540400,279.100500,0.081050,61.983602,possible_benefits
User 27,page2,5.518070,609.509600,432.234250,0.131340,163.062552,exclusion_inclusion
User 27,page2,5.666500,580.389600,388.129875,0.081550,52.850452,exclusion_inclusion
User 27,page2,5.764650,556.130400,335.916000,0.032710,57.574278,possible_benefits
User 27,page2,5.814450,584.534618,384.971045,0.201660,56.685069,possible_benefits
User 27,page2,6.029790,562.618737,420.434921,0.359370,41.689235,exclusion_inclusion
User 27,page2,6.438960,718.452000,373.171167,0.163090,162.843079,possible_benefits
User 27,page2,6.634770,820.159200,414.912750,0.049310,109.939594,exclusion_inclusion
User 27,page2,6.700680,811.243200,401.430000,0.229980,16.164146,exclusion_inclusion
User 27,page2,6.946780,791.834400,425.134500,0.016600,30.636658,exclusion_inclusion
User 27,page2,6.996090,817.538400,361.851000,0.033210,68.304443,possible_benefits
User 27,page2,7.045410,792.464400,409.547250,0.033690,53.885413,exclusion_inclusion
User 27,page2,7.094730,817.786667,351.697500,0.148430,63.149115,possible_benefits
User 27,page2,7.291990,692.970000,405.889500,0.230470,136.073411,exclusion_inclusion
User 27,page2,7.539060,645.237600,393.508500,0.016120,49.311978,exclusion_inclusion
User 27,page2,7.620610,950.642400,411.663000,0.131340,305.943913,exclusion_inclusion
User 27,page2,7.801760,602.582400,429.838500,0.016110,348.534234,exclusion_inclusion
User 27,page2,7.851070,655.704000,494.875500,0.032720,83.974495,exclusion_inclusion
User 27,page2,7.899900,588.255055,464.454614,0.411620,73.991828,exclusion_inclusion
User 27,page2,8.376950,701.880480,496.374200,0.328130,118.023715,exclusion_inclusion
User 27,page2,8.722170,702.360655,464.594455,0.180170,31.783373,exclusion_inclusion
User 27,page2,8.919430,671.034000,427.245000,0.033210,48.747729,exclusion_inclusion
User 27,page2,8.969240,715.339800,489.721750,0.278320,76.592090,exclusion_inclusion
User 27,page2,9.312990,629.682667,605.330833,0.164550,143.883997,mandatory_reporting
User 27,page2,9.526860,554.265600,526.254750,0.032710,109.273789,mandatory_reporting
User 27,page2,9.592290,576.097200,611.098250,0.098630,87.607296,equipment_devices
User 27,page2,9.707520,568.442000,627.055917,0.361330,17.698848,equipment_devices
User 27,page2,10.134280,665.821800,572.636925,0.329100,111.553808,mandatory_reporting
User 27,page2,10.496090,724.578960,605.283350,0.509770,67.217505,mandatory_reporting
User 27,page2,11.021970,706.714400,650.867000,0.048830,48.959286,equipment_devices
User 27,page2,11.400390,776.516160,663.270300,0.196290,70.895187,equipment_devices
User 27,page2,11.646000,876.637067,613.408833,0.147460,111.849729,equipment_devices
User 27,page2,11.842770,872.155200,686.511000,0.016610,73.239429,equipment_devices
User 27,page2,11.925290,947.263800,613.391625,0.147460,104.822444,equipment_devices
User 27,page2,12.122070,1045.417800,586.443375,0.131350,101.786128,mandatory_reporting
User 27,page2,12.270020,1065.744185,609.893846,0.771970,31.033635,equipment_devices
User 27,page2,13.058590,1081.802400,612.790500,0.016610,16.317380,equipment_devices
User 27,page2,13.141110,576.945040,707.686000,0.590820,513.698462,equipment_devices
User 27,page2,13.749020,515.813760,648.471600,0.082030,85.108041,equipment_devices
User 27,page2,13.864260,581.758800,696.354750,0.032710,81.495671,equipment_devices
User 27,page2,13.913090,511.856800,664.223000,0.049310,76.933341,equipment_devices
User 27,page2,14.011720,560.512655,783.762000,0.607420,129.061864,protection_privacy
User 27,page2,14.635740,548.889600,799.527750,0.049320,19.587094,protection_privacy
User 27,page2,14.734380,641.807600,790.749750,0.100090,93.331710,protection_privacy
User 27,page2,14.851070,669.892246,789.310038,0.246100,28.121524,protection_privacy
User 27,page2,15.128910,722.251765,764.976265,0.295410,57.737784,protection_privacy
User 27,page2,15.473630,873.818009,787.855779,0.854010,153.283393,protection_privacy
User 27,page2,16.344240,886.112640,740.069400,0.082520,49.342638,equipment_devices
User 27,page2,16.459470,816.425400,794.550750,0.212890,88.456367,protection_privacy
User 27,page2,16.737790,661.029600,862.564500,0.016600,169.628196,protection_privacy
User 27,page2,16.803710,656.051760,792.699600,0.197270,70.042010,protection_privacy
User 27,page2,17.067380,782.399262,869.617269,0.213380,147.918961,protection_privacy
User 27,page2,17.362790,994.477200,929.479500,0.231450,220.364559,protection_privacy
User 27,page2,17.674800,612.276000,898.921000,0.394050,383.420890,protection_privacy
User 27,page2,18.085450,556.348800,903.693000,0.016600,56.130417,protection_privacy
User 27,page2,18.134770,606.819360,882.138600,0.164550,54.880503,protection_privacy
User 27,page3,0.445800,624.414000,269.865750,0.033200,0.000000,contact
User 27,page3,0.526860,627.384800,123.637500,0.261230,146.258425,contact
User 27,page3,0.820800,572.863200,30.943500,0.016110,107.539679,protection_privacy_cont
User 27,page3,0.870120,640.239600,79.978500,0.033200,83.330730,protection_privacy_cont
User 27,page3,0.919430,612.299100,69.693750,0.131840,29.773270,protection_privacy_cont
User 27,page3,1.067870,617.432308,150.795346,0.262700,81.263883,contact
User 27,page3,1.412110,673.738800,169.655500,0.133300,59.381196,contact
User 27,page3,1.609860,599.805459,84.276088,0.294930,112.941502,protection_privacy_cont
User 27,page3,1.937990,598.802400,99.606500,0.115230,15.363191,protection_privacy_cont
User 27,page3,2.086430,618.246720,198.636480,0.508780,100.920853,contact
User 27,page3,2.644040,601.653900,323.356875,1.003910,125.819309,contact
User 27,page3,3.679690,607.549950,309.250594,0.278810,15.288904,contact
User 27,page3,3.975590,592.176000,276.918000,0.114740,35.801606,contact
User 27,page3,4.139650,609.915600,457.017750,0.065430,180.971305,consent
User 27,page3,4.221680,617.367545,466.712830,0.822270,12.228085,consent
User 27,page3,5.062990,752.677800,482.816250,0.079590,136.265128,consent
User 27,page3,5.161620,768.953200,458.306500,0.754880,29.421361,consent
User 27,page3,5.946290,940.195200,462.550038,0.246580,171.294571,consent
User 28,page1,0.048340,659.464615,105.900577,0.228030,0.000000,
User 28,page1,0.309570,590.500615,47.545615,0.229980,0.000000,
User 28,page1,0.588870,744.899400,136.570875,0.132320,178.225928,
User 28,page1,0.770020,850.484880,54.593700,0.164550,133.673299,
User 28,page1,0.983400,961.938133,72.548000,0.147950,112.890144,
User 28,page1,1.164060,1024.044000,8.547000,0.016120,89.181089,
User 28,page1,1.213380,1052.601600,61.745250,0.263180,60.378724,
User 28,page1,1.593750,579.987600,184.361250,0.228030,488.260869,
User 28,page1,1.854490,690.065600,174.602750,0.131350,110.509703,
User 28,page1,2.057130,883.142400,116.552100,0.076170,201.614803,
User 28,page1,2.150880,893.718000,148.454250,0.064940,33.609381,
User 28,page1,2.265630,1009.344000,111.237000,0.015620,121.468085,
User 28,page1,2.297850,992.782560,185.721900,0.082030,76.303877,
User 28,page1,2.396480,972.148800,135.964500,0.016120,53.866046,
User 28,page1,2.461910,1073.661120,147.729750,0.181160,102.191840,
User 28,page1,2.724610,527.713200,157.358250,0.033200,546.032819,
User 28,page1,2.790530,583.520700,200.910938,0.130860,70.790632,
User 28,page1,2.971190,671.186400,128.308500,0.115240,113.826134,
User 28,page1,3.151860,906.287760,150.067050,0.164060,236.106086,
User 28,page1,3.349610,1050.371127,162.870273,0.180180,144.651095,
User 28,page1,3.545900,1082.340000,194.061000,0.017580,44.663971,
User 28,page1,3.646480,582.384000,189.446250,0.229980,499.977297,
User 28,page1,3.940920,756.806400,146.874000,0.016110,179.542669,
User 28,page1,3.990230,792.193920,249.286800,0.082040,108.354318,
User 28,page1,4.138180,924.604800,297.097500,0.016120,140.778209,
User 28,page1,4.170900,900.849600,250.152000,0.065430,52.613587,
User 28,page1,4.285160,882.000000,91.514500,0.049310,159.753447,
User 28,page1,4.400880,1087.879800,209.328000,0.426270,237.205634,
User 28,page1,4.942380,610.811345,202.789364,0.198250,477.113261,
User 28,page1,5.156250,551.678400,164.472000,0.016110,70.462228,
User 28,page1,5.206050,660.284800,198.987250,0.097660,113.958995,
User 28,page1,5.402830,862.747200,226.600500,0.032720,204.336769,
User 28,page1,5.452150,870.004800,272.905500,0.033200,46.870308,
User 28,page1,5.501460,823.404960,244.095600,0.164070,54.786453,
User 28,page1,5.698240,932.503600,239.454250,0.098640,109.197323,
User 28,page1,5.848140,946.008000,111.720000,0.016120,128.446127,
User 28,page1,5.962400,1088.186400,247.666125,0.064460,196.713107,
User 28,page1,6.042970,1060.130400,198.628500,0.098630,56.496264,
User 28,page1,6.240230,588.285600,226.651833,0.147950,472.676234,
User 28,page1,6.404300,572.527200,176.977500,0.016600,52.113977,
User 28,page1,6.470210,751.312800,178.899000,0.016120,178.795925,
User 28,page1,6.552250,936.801600,171.675000,0.016110,185.629419,
User 28,page1,6.584960,906.384000,155.643000,0.147950,34.383941,
User 28,page1,6.783690,1004.066700,177.150750,0.130370,100.022463,
User 28,page1,7.110350,565.313891,259.426364,0.181150,446.400385,
User 28,page1,7.340820,697.636800,262.342500,0.065920,132.355038,
User 28,page1,7.422850,674.377200,190.485750,0.068360,75.527488,
User 28,page1,7.573730,846.459600,203.736750,0.033690,172.591835,
User 28,page1,7.628420,895.305600,248.986500,0.024410,66.584319,
User 28,page1,7.686040,866.292000,184.429000,0.098630,70.777537,
User 28,page1,7.833980,770.742000,278.473125,0.197270,134.067520,
User 28,page1,8.082520,904.293600,236.512500,0.015620,139.988299,
User 28,page1,8.113280,873.840800,272.471500,0.049320,47.121361,
User 28,page1,8.195800,994.423500,295.685250,0.131350,122.796847,
User 28,page1,8.359860,1048.686240,267.880200,0.098640,60.971844,
User 28,page1,8.556640,525.022400,329.262500,0.131840,527.249091,
User 28,page1,8.705080,543.748800,342.040500,0.131350,22.670583,
User 28,page1,8.918460,682.406200,319.268250,0.197260,140.514946,
User 28,page1,9.181150,800.021040,318.932250,0.164550,117.615320,
User 28,page1,9.362300,795.715200,282.849000,0.015630,36.339251,
User 28,page1,9.394530,810.443200,338.061500,0.049320,57.143102,
User 28,page1,9.476560,928.893700,323.801187,0.394530,119.305815,
User 28,page1,9.953610,1104.897733,340.735500,0.295410,176.816828,
User 28,page1,10.363770,589.894523,350.913231,0.215330,515.103769,
User 28,page1,10.627440,730.293600,321.474000,0.113770,143.452323,
User 28,page1,10.807620,949.216800,337.396500,0.049800,219.501466,
User 28,page1,10.874510,894.810000,315.981750,0.064450,58.469577,
User 28,page1,11.004880,1111.409040,379.604400,0.180670,225.749830,
User 28,page1,11.284670,574.499100,385.276500,0.146970,536.939900,
User 28,page1,11.464840,625.464000,458.188500,0.016120,88.958309,
User 28,page1,11.793460,691.493600,343.637000,0.098140,132.219341,
User 28,page1,11.908200,781.505455,356.238273,0.180670,90.889637,
User 28,page1,12.154300,868.467600,370.513500,0.033200,88.126028,
User 28,page1,12.204100,907.855200,340.279800,0.082030,49.653395,
User 28,page1,12.302250,879.606000,390.334875,0.066890,57.476324,
User 28,page1,12.418460,1019.892533,348.073833,0.146480,146.513846,
User 28,page1,12.614750,1145.732000,329.203000,0.048340,127.246531,
User 28,page1,12.729000,564.774000,415.953562,0.131840,587.399232,
User 28,page1,12.893550,516.112800,350.101500,0.016610,81.880440,
User 28,page1,12.942870,565.416600,424.147500,0.131350,88.958838,
User 28,page1,13.090820,589.188000,485.436000,0.114750,65.737050,
User 28,page1,13.271970,902.809600,453.516000,0.048830,315.241803,
User 28,page1,13.337890,836.073000,430.888500,0.065430,70.468273,
User 28,page1,13.418950,874.624800,473.508000,0.049310,57.468801,
User 28,page1,13.534180,1011.979015,475.167000,0.216800,137.364234,
User 28,page1,13.812990,1130.001600,476.969500,0.065920,118.036348,
User 28,page1,13.946290,849.506400,514.525500,0.114750,282.998252,
User 28,page1,14.077640,868.996800,543.130000,0.048340,34.613482,
User 28,page1,14.175290,1008.989100,568.092000,0.147950,142.200371,
User 28,page1,14.356930,1115.212000,537.579000,0.054690,110.518540,
User 28,page1,14.504880,716.308600,631.064875,0.196780,409.711522,
User 28,page1,14.750980,847.218400,653.394000,0.196290,132.800473,
User 28,page1,15.013180,1076.199600,638.590050,0.164550,229.459249,
User 28,page1,15.259770,864.094560,739.861500,0.164550,235.041389,
User 28,page1,15.489750,1049.205600,734.535000,0.131340,185.187658,
User 28,page1,15.670410,1140.669600,744.964500,0.049320,92.056710,
User 28,page1,15.817380,654.910523,812.164500,0.214360,490.385278,
User 28,page1,16.047850,632.486400,774.259500,0.016110,44.041234,
User 28,page1,16.114750,881.853600,848.450000,0.360350,260.169619,
User 28,page1,16.508300,802.224640,909.136200,0.246580,100.117861,
User 28,page1,16.804200,987.681800,915.913250,0.197260,185.580944,
User 28,page1,17.017580,1120.519867,920.148250,0.295900,132.905557,
User 28,page2,0.047360,705.376000,412.214250,0.099120,0.000000,exclusion_inclusion
User 28,page2,0.263670,651.243600,67.856250,0.032230,0.000000,act_procedures_cont
User 28,page2,1.707030,996.676800,45.979500,0.016110,346.125249,act_procedures_cont
User 28,page2,1.772950,1094.200800,50.872500,0.016600,97.646669,act_procedures_cont
User 28,page2,1.954590,639.088800,10.227000,0.016110,456.923395,act_procedures_cont
User 28,page2,2.265630,1006.420800,6.027000,0.016600,367.356010,act_procedures_cont
User 28,page2,2.347660,686.070933,85.657833,0.147950,330.098632,act_procedures_cont
User 28,page2,2.561040,832.578600,110.620125,0.165520,148.619018,act_procedures_cont
User 28,page2,2.791500,548.875950,143.582250,0.295410,285.611091,act_procedures_cont
User 28,page2,3.139160,538.108800,221.755500,0.111820,78.911270,risks_discomforts
User 28,page2,3.268070,571.243200,225.910500,0.116210,33.393899,risks_discomforts
User 28,page2,3.399410,626.085600,206.325000,0.016120,58.234703,risks_discomforts
User 28,page2,3.516110,795.387600,216.975938,0.128910,169.636699,risks_discomforts
User 28,page2,3.662600,777.369600,152.586000,0.016110,66.863386,participation_time
User 28,page2,3.728030,962.602200,228.284438,0.147460,200.103397,risks_discomforts
User 28,page2,3.974120,1120.201600,229.673500,0.049320,157.605521,risks_discomforts
User 28,page2,4.138180,566.479200,220.262438,0.147950,553.802369,risks_discomforts
User 28,page2,4.302730,577.021200,199.106250,0.032720,23.637217,risks_discomforts
User 28,page2,4.384770,678.837600,292.866000,0.032710,138.410513,possible_benefits
User 28,page2,4.433590,704.764200,275.955750,0.148930,30.953920,possible_benefits
User 28,page2,4.664060,818.400000,231.916500,0.116700,121.871041,risks_discomforts
User 28,page2,4.796880,809.071200,193.137000,0.014640,39.885789,risks_discomforts
User 28,page2,4.860840,985.215840,259.100100,0.082520,188.090576,risks_discomforts
User 28,page2,4.992190,1076.725440,231.434700,0.116210,95.600111,risks_discomforts
User 28,page2,5.206050,586.395600,271.990950,0.164560,492.004229,possible_benefits
User 28,page2,5.437010,546.694400,332.876250,0.098630,72.685659,possible_benefits
User 28,page2,5.813960,735.350000,333.114250,0.098150,188.655750,possible_benefits
User 28,page2,5.961430,583.522800,418.261375,0.230460,174.073351,exclusion_inclusion
User 28,page2,6.225590,660.727200,392.043000,0.114740,81.534794,exclusion_inclusion
User 28,page2,6.372560,676.317600,465.990000,0.016110,75.572610,exclusion_inclusion
User 28,page2,6.405270,724.766700,391.089563,0.131840,89.204209,exclusion_inclusion
User 28,page2,6.586430,883.522500,361.560938,0.131340,161.478617,possible_benefits
User 28,page2,6.750490,875.179200,390.300750,0.065430,29.926368,exclusion_inclusion
User 28,page2,6.865720,996.994600,350.886375,0.197270,128.033139,possible_benefits
User 28,page2,7.128420,1132.661600,417.704000,0.065920,151.228734,exclusion_inclusion
User 28,page2,7.275880,567.666831,429.469385,0.230470,565.117256,exclusion_inclusion
User 28,page2,7.555180,649.714800,405.854750,0.099120,85.378687,exclusion_inclusion
User 28,page2,7.719730,809.526667,402.284167,0.147460,159.851749,exclusion_inclusion
User 28,page2,7.933110,963.228000,379.517727,0.197260,155.378282,possible_benefits
User 28,page2,8.196290,1115.486400,376.545750,0.032710,152.287403,possible_benefits
User 28,page2,8.327640,585.183200,493.734500,0.048340,543.097309,exclusion_inclusion
User 28,page2,8.393070,601.268640,521.677800,0.164550,32.242354,mandatory_reporting
User 28,page2,8.639650,681.046800,495.173437,0.131350,84.065665,exclusion_inclusion
User 28,page2,8.804200,547.041600,513.576000,0.016110,135.262885,mandatory_reporting
User 28,page2,8.836910,586.504800,562.637250,0.032720,62.963088,mandatory_reporting
User 28,page2,8.886230,592.830000,514.437000,0.034180,48.613499,mandatory_reporting
User 28,page2,9.000980,948.758400,463.213500,0.115230,359.595429,exclusion_inclusion
User 28,page2,9.181640,1060.609565,492.652239,0.394530,115.660376,exclusion_inclusion
User 28,page2,9.674800,558.061316,564.950806,0.574710,507.722193,mandatory_reporting
User 28,page2,10.349120,1085.704200,486.801656,0.262700,533.398821,exclusion_inclusion
User 28,page2,10.676760,752.458000,584.183250,0.131830,347.183244,mandatory_reporting
User 28,page2,10.857910,608.348400,613.549500,0.229490,147.071253,equipment_devices
User 28,page2,11.136720,733.404000,572.823000,0.133790,131.520154,mandatory_reporting
User 28,page2,11.318850,995.719200,575.190000,0.016110,262.325879,mandatory_reporting
User 28,page2,11.353520,942.891600,559.797000,0.033200,55.024538,mandatory_reporting
User 28,page2,11.481450,605.464469,608.188603,0.493160,340.879474,mandatory_reporting
User 28,page2,11.991210,556.147200,634.716000,0.229980,55.999070,equipment_devices
User 28,page2,12.255370,636.921600,638.000300,0.245120,80.841143,equipment_devices
User 28,page2,12.517090,565.956720,637.794150,0.164550,70.965179,equipment_devices
User 28,page2,12.796390,880.026000,599.078813,0.131340,316.446504,mandatory_reporting
User 28,page2,12.977050,1084.239600,621.609750,0.229490,205.452762,equipment_devices
User 28,page2,13.223140,1157.100000,645.130500,0.016120,76.562808,equipment_devices
User 28,page2,13.304690,635.640320,643.636700,0.247560,521.461820,equipment_devices
User 28,page2,13.572750,683.709600,646.406250,0.027840,48.148999,equipment_devices
User 28,page2,13.650880,855.166200,626.730563,0.131350,172.581860,equipment_devices
User 28,page2,13.831050,1053.162600,668.725313,0.147470,202.400923,equipment_devices
User 28,page2,14.011720,1126.227200,664.965000,0.049320,73.161299,equipment_devices
User 28,page2,14.159670,583.398200,706.423375,0.410150,544.409882,equipment_devices
User 28,page2,14.619630,738.561600,766.227000,0.016110,166.289369,protection_privacy
User 28,page2,14.652830,732.276000,739.408500,0.115240,27.545248,equipment_devices
User 28,page2,14.816890,869.490720,744.737700,0.082040,137.318170,equipment_devices
User 28,page2,14.964840,596.586200,772.699375,0.197270,274.333250,protection_privacy
User 28,page2,15.227050,852.041400,754.329187,0.131350,256.114863,equipment_devices
User 28,page2,15.407710,1042.542667,773.920000,0.147950,191.505960,protection_privacy
User 28,page2,15.588380,1127.952000,770.868000,0.033200,85.463846,protection_privacy
User 28,page2,15.719730,643.003200,843.174500,0.197260,490.309666,protection_privacy
User 28,page2,15.933110,631.293600,820.270500,0.017090,25.723685,protection_privacy
User 28,page2,15.999510,900.498667,797.038667,0.147950,270.205637,protection_privacy
User 28,page3,0.297850,690.261600,88.578000,0.129400,0.000000,protection_privacy_cont
User 28,page3,0.476560,588.799680,16.982700,1.264650,124.178936,protection_privacy_cont
User 28,page3,1.790530,558.389067,114.172333,0.164550,101.836291,contact
User 28,page3,2.020510,838.509840,103.640250,0.181640,280.318698,protection_privacy_cont
User 28,page3,2.266600,993.259200,167.685000,0.131840,167.478639,contact
User 28,page3,2.417970,1002.943200,201.589500,0.014160,35.260388,contact
User 28,page3,2.529790,646.527467,350.210000,0.147940,386.160884,consent
User 28,page3,2.694340,654.544800,352.390500,0.016600,8.308563,consent
User 28,page3,2.760250,671.260800,230.317500,0.016120,123.212183,contact
User 28,page3,2.793460,658.207200,166.619250,0.031740,65.022023,contact
